ISO-10303-21;
HEADER;
FILE_DESCRIPTION (( 'STEP AP203' ),
    '1' );
FILE_NAME ('IR_Sensor_Holder_D4.STEP',
    '2026-05-05T21:16:05',
    ( '' ),
    ( '' ),
    'SwSTEP 2.0',
    'SolidWorks 2025',
    '' );
FILE_SCHEMA (( 'CONFIG_CONTROL_DESIGN' ));
ENDSEC;

DATA;
#1 = DIRECTION ( 'NONE',  ( 0.000000000000000000, 0.000000000000000000, 1.000000000000000000 ) ) ;
#2 = AXIS2_PLACEMENT_3D ( 'NONE', #1300, #2019, #790 ) ;
#3 = ORIENTED_EDGE ( 'NONE', *, *, #1931, .F. ) ;
#4 = EDGE_CURVE ( 'NONE', #2000, #689, #1743, .T. ) ;
#5 = LINE ( 'NONE', #1772, #1525 ) ;
#6 = LINE ( 'NONE', #695, #1384 ) ;
#7 = VECTOR ( 'NONE', #767, 1000.000000000000000 ) ;
#8 = EDGE_CURVE ( 'NONE', #981, #1139, #699, .T. ) ;
#9 = DIRECTION ( 'NONE',  ( -1.000000000000000000, 0.000000000000000000, -0.000000000000000000 ) ) ;
#10 = DIRECTION ( 'NONE',  ( -0.000000000000000000, 1.000000000000000000, -0.000000000000000000 ) ) ;
#11 = VECTOR ( 'NONE', #432, 1000.000000000000000 ) ;
#12 = ORIENTED_EDGE ( 'NONE', *, *, #1378, .F. ) ;
#13 = VECTOR ( 'NONE', #173, 1000.000000000000000 ) ;
#14 = DIRECTION ( 'NONE',  ( -0.000000000000000000, -1.000000000000000000, 4.130293990420970869E-16 ) ) ;
#15 = FACE_OUTER_BOUND ( 'NONE', #355, .T. ) ;
#16 = CC_DESIGN_DATE_AND_TIME_ASSIGNMENT ( #2033, #2057, ( #1631 ) ) ;
#17 = VERTEX_POINT ( 'NONE', #873 ) ;
#18 = CARTESIAN_POINT ( 'NONE',  ( -6.500000000000000888, 3.800000000000001155, -7.400000000000000355 ) ) ;
#19 = ORIENTED_EDGE ( 'NONE', *, *, #2125, .F. ) ;
#20 = CARTESIAN_POINT ( 'NONE',  ( -2.500000000000000444, 12.50000000000000000, -4.400000000000000355 ) ) ;
#21 = ADVANCED_FACE ( 'NONE', ( #729, #1594 ), #1430, .F. ) ;
#22 = LINE ( 'NONE', #1408, #2148 ) ;
#23 = VERTEX_POINT ( 'NONE', #2131 ) ;
#24 = ORIENTED_EDGE ( 'NONE', *, *, #74, .F. ) ;
#25 = DIRECTION ( 'NONE',  ( 0.000000000000000000, 0.000000000000000000, 1.000000000000000000 ) ) ;
#26 = DIRECTION ( 'NONE',  ( -0.000000000000000000, -0.000000000000000000, 1.000000000000000000 ) ) ;
#27 = LOCAL_TIME ( 23, 16, 5.000000000000000000, #277 ) ;
#28 = EDGE_LOOP ( 'NONE', ( #1427, #1932, #1245, #1341 ) ) ;
#29 = DIRECTION ( 'NONE',  ( 0.000000000000000000, 1.000000000000000000, 0.000000000000000000 ) ) ;
#30 = CARTESIAN_POINT ( 'NONE',  ( -6.500000000000000888, 9.500000000000000000, -7.400000000000000355 ) ) ;
#31 = DIRECTION ( 'NONE',  ( 0.000000000000000000, 1.000000000000000000, -4.130293990420970869E-16 ) ) ;
#32 = ORIENTED_EDGE ( 'NONE', *, *, #869, .T. ) ;
#33 = ADVANCED_FACE ( 'NONE', ( #1270 ), #915, .T. ) ;
#34 = DIRECTION ( 'NONE',  ( 0.000000000000000000, 0.000000000000000000, -1.000000000000000000 ) ) ;
#35 = LINE ( 'NONE', #208, #2086 ) ;
#36 = EDGE_LOOP ( 'NONE', ( #1359, #99, #1221, #1001 ) ) ;
#37 = CARTESIAN_POINT ( 'NONE',  ( 6.499999999999999112, 2.099999999999999645, 7.400000000000000355 ) ) ;
#38 = FACE_OUTER_BOUND ( 'NONE', #1640, .T. ) ;
#39 = CARTESIAN_POINT ( 'NONE',  ( 2.499999999999998668, 7.799999999999999822, 7.400000000000000355 ) ) ;
#40 = ORIENTED_EDGE ( 'NONE', *, *, #1595, .T. ) ;
#41 = AXIS2_PLACEMENT_3D ( 'NONE', #571, #245, #716 ) ;
#42 = DIRECTION ( 'NONE',  ( -0.000000000000000000, 0.000000000000000000, 1.000000000000000000 ) ) ;
#43 = DIRECTION ( 'NONE',  ( 0.000000000000000000, -1.000000000000000000, -1.156482317317871528E-15 ) ) ;
#44 = EDGE_CURVE ( 'NONE', #1511, #2068, #1767, .T. ) ;
#45 = DIRECTION ( 'NONE',  ( -1.000000000000000000, -0.000000000000000000, 0.000000000000000000 ) ) ;
#46 = AXIS2_PLACEMENT_3D ( 'NONE', #1769, #43, #884 ) ;
#47 = CARTESIAN_POINT ( 'NONE',  ( 2.499999999999998668, 3.799999999999999378, 5.400000000000000355 ) ) ;
#48 = VERTEX_POINT ( 'NONE', #405 ) ;
#49 =( NAMED_UNIT ( * ) SI_UNIT ( $, .STERADIAN. ) SOLID_ANGLE_UNIT ( ) );
#50 = CARTESIAN_POINT ( 'NONE',  ( -23.78843544106869246, 7.799999999999999822, 5.400000000000000355 ) ) ;
#51 = VECTOR ( 'NONE', #1862, 1000.000000000000000 ) ;
#52 = CARTESIAN_POINT ( 'NONE',  ( -2.500000000000000444, 12.50000000000000000, -7.400000000000000355 ) ) ;
#53 = LINE ( 'NONE', #2141, #365 ) ;
#54 = CARTESIAN_POINT ( 'NONE',  ( -6.500000000000000888, 2.099999999999999645, 4.399999999999998579 ) ) ;
#55 = ORIENTED_EDGE ( 'NONE', *, *, #1145, .T. ) ;
#56 = CARTESIAN_POINT ( 'NONE',  ( 0.000000000000000000, 0.000000000000000000, 0.000000000000000000 ) ) ;
#57 = CC_DESIGN_PERSON_AND_ORGANIZATION_ASSIGNMENT ( #1820, #254, ( #281 ) ) ;
#58 = FACE_OUTER_BOUND ( 'NONE', #36, .T. ) ;
#59 = EDGE_CURVE ( 'NONE', #233, #1818, #2151, .T. ) ;
#60 = VERTEX_POINT ( 'NONE', #428 ) ;
#61 = APPROVAL_DATE_TIME ( #1625, #951 ) ;
#62 = CARTESIAN_POINT ( 'NONE',  ( -6.500000000000000888, 2.099999999999999645, -7.400000000000000355 ) ) ;
#63 = EDGE_CURVE ( 'NONE', #1156, #433, #1972, .T. ) ;
#64 = LOCAL_TIME ( 23, 16, 5.000000000000000000, #969 ) ;
#65 = CARTESIAN_POINT ( 'NONE',  ( -4.500000000000001776, 9.500000000000001776, 4.399999999999999467 ) ) ;
#66 = CARTESIAN_POINT ( 'NONE',  ( -23.78843544106869246, 9.500000000000000000, 5.400000000000000355 ) ) ;
#67 = VERTEX_POINT ( 'NONE', #1776 ) ;
#68 = DIRECTION ( 'NONE',  ( -1.000000000000000000, 0.000000000000000000, 0.000000000000000000 ) ) ;
#69 = CARTESIAN_POINT ( 'NONE',  ( -6.500000000000000888, 7.799999999999999822, -4.400000000000000355 ) ) ;
#70 = ORIENTED_EDGE ( 'NONE', *, *, #1774, .T. ) ;
#71 = COORDINATED_UNIVERSAL_TIME_OFFSET ( 1, 0, .AHEAD. ) ;
#72 = CARTESIAN_POINT ( 'NONE',  ( -28.50000000000000355, 15.50000000000000000, -3.149999999999999911 ) ) ;
#73 = VECTOR ( 'NONE', #1311, 1000.000000000000000 ) ;
#74 = EDGE_CURVE ( 'NONE', #157, #421, #1975, .T. ) ;
#75 = CONICAL_SURFACE ( 'NONE', #2254, 3.149999999999999911, 0.7853981633974482790 ) ;
#76 = LINE ( 'NONE', #2161, #1522 ) ;
#77 = DIRECTION ( 'NONE',  ( 1.000000000000000000, 0.000000000000000000, 0.000000000000000000 ) ) ;
#78 = EDGE_CURVE ( 'NONE', #1114, #48, #741, .T. ) ;
#79 = VERTEX_POINT ( 'NONE', #1987 ) ;
#80 = FACE_OUTER_BOUND ( 'NONE', #215, .T. ) ;
#81 = ORIENTED_EDGE ( 'NONE', *, *, #2067, .F. ) ;
#82 = DIRECTION ( 'NONE',  ( 0.000000000000000000, -1.000000000000000000, 4.130293990420970869E-16 ) ) ;
#83 = ORIENTED_EDGE ( 'NONE', *, *, #1595, .F. ) ;
#84 = DIRECTION ( 'NONE',  ( -0.000000000000000000, -1.000000000000000000, -0.000000000000000000 ) ) ;
#85 = CARTESIAN_POINT ( 'NONE',  ( 6.499999999999999112, 2.099999999999999645, 4.399999999999998579 ) ) ;
#86 = VECTOR ( 'NONE', #1072, 1000.000000000000000 ) ;
#87 = LINE ( 'NONE', #1800, #1338 ) ;
#88 = DIRECTION ( 'NONE',  ( -0.000000000000000000, 1.000000000000000000, -0.000000000000000000 ) ) ;
#89 = ORIENTED_EDGE ( 'NONE', *, *, #113, .T. ) ;
#90 = DIRECTION ( 'NONE',  ( 0.000000000000000000, 0.000000000000000000, -1.000000000000000000 ) ) ;
#91 = ORIENTED_EDGE ( 'NONE', *, *, #1145, .F. ) ;
#92 = DIRECTION ( 'NONE',  ( -0.000000000000000000, 4.130293990420970869E-16, 1.000000000000000000 ) ) ;
#93 = ORIENTED_EDGE ( 'NONE', *, *, #501, .T. ) ;
#94 = LINE ( 'NONE', #278, #1165 ) ;
#95 = CARTESIAN_POINT ( 'NONE',  ( 2.499999999999998668, 3.799999999999999378, -5.400000000000000355 ) ) ;
#96 = DIRECTION ( 'NONE',  ( 1.000000000000000000, 0.000000000000000000, 0.000000000000000000 ) ) ;
#97 = EDGE_LOOP ( 'NONE', ( #149, #2020, #1756, #705 ) ) ;
#98 = FACE_OUTER_BOUND ( 'NONE', #1205, .T. ) ;
#99 = ORIENTED_EDGE ( 'NONE', *, *, #296, .T. ) ;
#100 = ADVANCED_FACE ( 'NONE', ( #891 ), #1108, .F. ) ;
#101 = EDGE_CURVE ( 'NONE', #2220, #1974, #2162, .T. ) ;
#102 = CARTESIAN_POINT ( 'NONE',  ( 2.499999999999998668, 0.000000000000000000, -7.400000000000000355 ) ) ;
#103 = ORIENTED_EDGE ( 'NONE', *, *, #2075, .T. ) ;
#104 = LINE ( 'NONE', #2191, #1648 ) ;
#105 = DIRECTION ( 'NONE',  ( 0.000000000000000000, 0.000000000000000000, -1.000000000000000000 ) ) ;
#106 = LINE ( 'NONE', #812, #1529 ) ;
#107 = VECTOR ( 'NONE', #1879, 1000.000000000000000 ) ;
#108 = VERTEX_POINT ( 'NONE', #1638 ) ;
#109 = FACE_OUTER_BOUND ( 'NONE', #679, .T. ) ;
#110 = EDGE_LOOP ( 'NONE', ( #239, #2145, #496, #2250, #1104, #1825, #894, #125, #1519, #83, #2103, #988, #559, #1391 ) ) ;
#111 = DIRECTION ( 'NONE',  ( 0.000000000000000000, 1.156482317317871331E-15, -1.000000000000000000 ) ) ;
#112 = VECTOR ( 'NONE', #1926, 1000.000000000000000 ) ;
#113 = EDGE_CURVE ( 'NONE', #643, #2000, #1812, .T. ) ;
#114 = AXIS2_PLACEMENT_3D ( 'NONE', #2244, #666, #1923 ) ;
#115 = ORIENTED_EDGE ( 'NONE', *, *, #78, .T. ) ;
#116 = DIRECTION ( 'NONE',  ( -0.000000000000000000, -0.000000000000000000, 1.000000000000000000 ) ) ;
#117 = CARTESIAN_POINT ( 'NONE',  ( -6.500000000000000888, 3.799999999999999378, -4.399999999999999467 ) ) ;
#118 = CARTESIAN_POINT ( 'NONE',  ( -32.50000000000000000, 15.50000000000000000, 7.400000000000000355 ) ) ;
#119 = VECTOR ( 'NONE', #2154, 1000.000000000000000 ) ;
#120 = VERTEX_POINT ( 'NONE', #1069 ) ;
#121 = AXIS2_PLACEMENT_3D ( 'NONE', #1429, #1250, #698 ) ;
#122 = ORIENTED_EDGE ( 'NONE', *, *, #1095, .F. ) ;
#123 = ADVANCED_FACE ( 'NONE', ( #564 ), #593, .T. ) ;
#124 = DIRECTION ( 'NONE',  ( 0.000000000000000000, -1.445602896647339410E-16, 1.000000000000000000 ) ) ;
#125 = ORIENTED_EDGE ( 'NONE', *, *, #253, .F. ) ;
#126 = APPROVAL_STATUS ( 'not_yet_approved' ) ;
#127 = CARTESIAN_POINT ( 'NONE',  ( -6.500000000000000888, 15.50000000000000000, 7.400000000000000355 ) ) ;
#128 = ORIENTED_EDGE ( 'NONE', *, *, #113, .F. ) ;
#129 = ADVANCED_FACE ( 'NONE', ( #248, #1079 ), #882, .F. ) ;
#130 = FACE_OUTER_BOUND ( 'NONE', #918, .T. ) ;
#131 = CARTESIAN_POINT ( 'NONE',  ( -2.500000000000000444, 12.50000000000000000, 7.400000000000000355 ) ) ;
#132 = VERTEX_POINT ( 'NONE', #221 ) ;
#133 = ORIENTED_EDGE ( 'NONE', *, *, #1965, .F. ) ;
#134 = LINE ( 'NONE', #815, #2088 ) ;
#135 = ORIENTED_EDGE ( 'NONE', *, *, #1424, .T. ) ;
#136 = FACE_OUTER_BOUND ( 'NONE', #1924, .T. ) ;
#137 = ORIENTED_EDGE ( 'NONE', *, *, #1142, .F. ) ;
#138 = LINE ( 'NONE', #302, #1672 ) ;
#139 = CARTESIAN_POINT ( 'NONE',  ( 0.000000000000000000, 15.50000000000000000, 0.000000000000000000 ) ) ;
#140 = EDGE_CURVE ( 'NONE', #1844, #1849, #1629, .T. ) ;
#141 = DIRECTION ( 'NONE',  ( 0.000000000000000000, 0.000000000000000000, -1.000000000000000000 ) ) ;
#142 = VERTEX_POINT ( 'NONE', #750 ) ;
#143 = ORIENTED_EDGE ( 'NONE', *, *, #321, .T. ) ;
#144 = EDGE_CURVE ( 'NONE', #711, #1272, #53, .T. ) ;
#145 = AXIS2_PLACEMENT_3D ( 'NONE', #1117, #438, #925 ) ;
#146 = DIRECTION ( 'NONE',  ( -0.000000000000000000, 1.000000000000000000, -0.000000000000000000 ) ) ;
#147 = VECTOR ( 'NONE', #856, 1000.000000000000000 ) ;
#148 = CARTESIAN_POINT ( 'NONE',  ( -23.78843544106869246, 2.099999999999999201, -5.400000000000000355 ) ) ;
#149 = ORIENTED_EDGE ( 'NONE', *, *, #1067, .T. ) ;
#150 = LINE ( 'NONE', #524, #1349 ) ;
#151 = VECTOR ( 'NONE', #1506, 1000.000000000000000 ) ;
#152 = AXIS2_PLACEMENT_3D ( 'NONE', #1799, #1056, #388 ) ;
#153 = VERTEX_POINT ( 'NONE', #1473 ) ;
#154 = DIRECTION ( 'NONE',  ( -0.000000000000000000, 1.000000000000000000, 0.000000000000000000 ) ) ;
#155 = VECTOR ( 'NONE', #1287, 1000.000000000000000 ) ;
#156 = EDGE_CURVE ( 'NONE', #594, #1684, #2027, .T. ) ;
#157 = VERTEX_POINT ( 'NONE', #1837 ) ;
#158 = EDGE_CURVE ( 'NONE', #1139, #2223, #777, .T. ) ;
#159 = VERTEX_POINT ( 'NONE', #457 ) ;
#160 = VECTOR ( 'NONE', #1385, 1000.000000000000000 ) ;
#161 = EDGE_CURVE ( 'NONE', #1696, #1750, #106, .T. ) ;
#162 = CARTESIAN_POINT ( 'NONE',  ( -2.500000000000000444, 13.50000000000000178, 4.399999999999999467 ) ) ;
#163 = ORIENTED_EDGE ( 'NONE', *, *, #1774, .F. ) ;
#164 = PLANE ( 'NONE',  #1945 ) ;
#165 = ORIENTED_EDGE ( 'NONE', *, *, #174, .T. ) ;
#166 = DIRECTION ( 'NONE',  ( -1.000000000000000000, -0.000000000000000000, -0.000000000000000000 ) ) ;
#167 = CARTESIAN_POINT ( 'NONE',  ( -2.500000000000000444, 2.099999999999999201, -5.400000000000000355 ) ) ;
#168 = CARTESIAN_POINT ( 'NONE',  ( -23.78843544106869246, 0.000000000000000000, -5.400000000000000355 ) ) ;
#169 = ORIENTED_EDGE ( 'NONE', *, *, #1623, .T. ) ;
#170 = ORIENTED_EDGE ( 'NONE', *, *, #591, .F. ) ;
#171 = EDGE_CURVE ( 'NONE', #2068, #981, #769, .T. ) ;
#172 = DIRECTION ( 'NONE',  ( 0.000000000000000000, 1.000000000000000000, 0.000000000000000000 ) ) ;
#173 = DIRECTION ( 'NONE',  ( 1.000000000000000000, 0.000000000000000000, 0.000000000000000000 ) ) ;
#174 = EDGE_CURVE ( 'NONE', #421, #157, #1677, .T. ) ;
#175 = ORIENTED_EDGE ( 'NONE', *, *, #1080, .F. ) ;
#176 = DIRECTION ( 'NONE',  ( -1.000000000000000000, 0.000000000000000000, 0.000000000000000000 ) ) ;
#177 = ORIENTED_EDGE ( 'NONE', *, *, #1182, .T. ) ;
#178 = DIRECTION ( 'NONE',  ( -0.000000000000000000, -0.000000000000000000, 1.000000000000000000 ) ) ;
#179 = DIRECTION ( 'NONE',  ( 0.000000000000000000, -1.000000000000000000, 0.000000000000000000 ) ) ;
#180 = DIRECTION ( 'NONE',  ( -1.000000000000000000, 0.000000000000000000, 0.000000000000000000 ) ) ;
#181 = CARTESIAN_POINT ( 'NONE',  ( -22.20000000000000284, 11.50000000000000000, -7.400000000000000355 ) ) ;
#182 = ORIENTED_EDGE ( 'NONE', *, *, #1918, .T. ) ;
#183 = CARTESIAN_POINT ( 'NONE',  ( 6.499999999999999112, 13.50000000000000000, 4.399999999999999467 ) ) ;
#184 = AXIS2_PLACEMENT_3D ( 'NONE', #518, #1569, #9 ) ;
#185 = VECTOR ( 'NONE', #1206, 1000.000000000000000 ) ;
#186 = ORIENTED_EDGE ( 'NONE', *, *, #272, .T. ) ;
#187 = FACE_OUTER_BOUND ( 'NONE', #1689, .T. ) ;
#188 = EDGE_LOOP ( 'NONE', ( #1398, #444, #1668, #1040 ) ) ;
#189 = CARTESIAN_POINT ( 'NONE',  ( -6.500000000000000888, 2.099999999999999201, -4.400000000000000355 ) ) ;
#190 = PLANE ( 'NONE',  #866 ) ;
#191 = AXIS2_PLACEMENT_3D ( 'NONE', #624, #634, #287 ) ;
#192 = CARTESIAN_POINT ( 'NONE',  ( -23.78843544106869246, 9.500000000000000000, -5.400000000000000355 ) ) ;
#193 = ORIENTED_EDGE ( 'NONE', *, *, #1023, .F. ) ;
#194 = VECTOR ( 'NONE', #45, 1000.000000000000000 ) ;
#195 = ORIENTED_EDGE ( 'NONE', *, *, #1735, .T. ) ;
#196 = DIRECTION ( 'NONE',  ( 0.000000000000000000, -0.000000000000000000, -1.000000000000000000 ) ) ;
#197 = ADVANCED_FACE ( 'NONE', ( #303 ), #961, .F. ) ;
#198 = CARTESIAN_POINT ( 'NONE',  ( -6.500000000000000888, 13.50000000000000178, -4.400000000000000355 ) ) ;
#199 = EDGE_CURVE ( 'NONE', #1849, #1348, #1276, .T. ) ;
#200 = ORIENTED_EDGE ( 'NONE', *, *, #1719, .F. ) ;
#201 = CARTESIAN_POINT ( 'NONE',  ( -2.500000000000000444, 12.50000000000000000, -7.400000000000000355 ) ) ;
#202 = DIRECTION ( 'NONE',  ( 1.000000000000000000, -0.000000000000000000, -0.000000000000000000 ) ) ;
#203 = EDGE_CURVE ( 'NONE', #292, #2092, #348, .T. ) ;
#204 = EDGE_CURVE ( 'NONE', #2092, #1256, #271, .T. ) ;
#205 = DIRECTION ( 'NONE',  ( 0.000000000000000000, 0.000000000000000000, 1.000000000000000000 ) ) ;
#206 = VERTEX_POINT ( 'NONE', #1343 ) ;
#207 = CARTESIAN_POINT ( 'NONE',  ( -6.500000000000000888, 2.099999999999999645, -7.400000000000000355 ) ) ;
#208 = CARTESIAN_POINT ( 'NONE',  ( -2.500000000000000444, 12.50000000000000000, -7.400000000000000355 ) ) ;
#209 = ORIENTED_EDGE ( 'NONE', *, *, #1375, .F. ) ;
#210 = CARTESIAN_POINT ( 'NONE',  ( -28.50000000000000355, 15.50000000000000000, 3.149999999999999911 ) ) ;
#211 = CARTESIAN_POINT ( 'NONE',  ( -24.20000000000000639, 13.50000000000000000, 7.400000000000000355 ) ) ;
#212 = DIRECTION ( 'NONE',  ( 0.000000000000000000, 0.000000000000000000, -1.000000000000000000 ) ) ;
#213 = DIRECTION ( 'NONE',  ( 0.000000000000000000, -0.000000000000000000, 1.000000000000000000 ) ) ;
#214 = EDGE_CURVE ( 'NONE', #305, #1490, #1659, .T. ) ;
#215 = EDGE_LOOP ( 'NONE', ( #2041, #1815, #1044, #1620 ) ) ;
#216 = DIRECTION ( 'NONE',  ( -0.000000000000000000, 1.000000000000000000, -4.130293990420969390E-16 ) ) ;
#217 = DIRECTION ( 'NONE',  ( 1.000000000000000000, 0.000000000000000000, 0.000000000000000000 ) ) ;
#218 = VERTEX_POINT ( 'NONE', #280 ) ;
#219 = DIRECTION ( 'NONE',  ( 1.000000000000000000, -0.000000000000000000, 0.000000000000000000 ) ) ;
#220 = CARTESIAN_POINT ( 'NONE',  ( -28.50000000000000355, 15.50000000000000000, 1.599999999999997202 ) ) ;
#221 = CARTESIAN_POINT ( 'NONE',  ( 2.499999999999998668, 9.500000000000000000, -4.399999999999997691 ) ) ;
#222 = VECTOR ( 'NONE', #289, 1000.000000000000000 ) ;
#223 = VECTOR ( 'NONE', #2107, 1000.000000000000000 ) ;
#224 = EDGE_CURVE ( 'NONE', #643, #1893, #1144, .T. ) ;
#225 = ORIENTED_EDGE ( 'NONE', *, *, #1497, .T. ) ;
#226 = CARTESIAN_POINT ( 'NONE',  ( -4.500000000000000888, 3.799999999999999378, 7.400000000000000355 ) ) ;
#227 = VECTOR ( 'NONE', #1563, 1000.000000000000000 ) ;
#228 = EDGE_CURVE ( 'NONE', #415, #132, #1332, .T. ) ;
#229 = EDGE_CURVE ( 'NONE', #1176, #159, #1483, .T. ) ;
#230 = EDGE_CURVE ( 'NONE', #1139, #1511, #2195, .T. ) ;
#231 = CARTESIAN_POINT ( 'NONE',  ( -6.500000000000000888, 12.50000000000000000, -4.400000000000000355 ) ) ;
#232 = VECTOR ( 'NONE', #216, 1000.000000000000000 ) ;
#233 = VERTEX_POINT ( 'NONE', #2183 ) ;
#234 = PERSON_AND_ORGANIZATION ( #1598, #1274 ) ;
#235 = PLANE ( 'NONE',  #41 ) ;
#236 = AXIS2_PLACEMENT_3D ( 'NONE', #2186, #1110, #1120 ) ;
#237 = CARTESIAN_POINT ( 'NONE',  ( 6.499999999999999112, 3.800000000000001155, -7.400000000000000355 ) ) ;
#238 = DIRECTION ( 'NONE',  ( 0.000000000000000000, -0.000000000000000000, -1.000000000000000000 ) ) ;
#239 = ORIENTED_EDGE ( 'NONE', *, *, #1095, .T. ) ;
#240 = PLANE ( 'NONE',  #983 ) ;
#241 = CARTESIAN_POINT ( 'NONE',  ( 6.499999999999999112, 2.099999999999999645, 5.400000000000000355 ) ) ;
#242 = EDGE_CURVE ( 'NONE', #1656, #1377, #803, .T. ) ;
#243 = ORIENTED_EDGE ( 'NONE', *, *, #980, .F. ) ;
#244 = APPROVAL_STATUS ( 'not_yet_approved' ) ;
#245 = DIRECTION ( 'NONE',  ( 0.000000000000000000, 1.000000000000000000, 0.000000000000000000 ) ) ;
#246 = EDGE_CURVE ( 'NONE', #1982, #1176, #449, .T. ) ;
#247 = LINE ( 'NONE', #903, #2184 ) ;
#248 = FACE_BOUND ( 'NONE', #513, .T. ) ;
#249 = ORIENTED_EDGE ( 'NONE', *, *, #994, .T. ) ;
#250 = CARTESIAN_POINT ( 'NONE',  ( -6.500000000000000888, 9.500000000000000000, -4.400000000000000355 ) ) ;
#251 = LINE ( 'NONE', #102, #1283 ) ;
#252 = EDGE_LOOP ( 'NONE', ( #276, #322, #998, #1854 ) ) ;
#253 = EDGE_CURVE ( 'NONE', #725, #1420, #972, .T. ) ;
#254 = PERSON_AND_ORGANIZATION_ROLE ( 'creator' ) ;
#255 = LINE ( 'NONE', #1298, #1871 ) ;
#256 = AXIS2_PLACEMENT_3D ( 'NONE', #1703, #1869, #105 ) ;
#257 = CARTESIAN_POINT ( 'NONE',  ( -6.500000000000000888, 9.500000000000000000, -4.400000000000000355 ) ) ;
#258 = DIRECTION ( 'NONE',  ( -1.000000000000000000, 0.000000000000000000, -0.000000000000000000 ) ) ;
#259 = ORIENTED_EDGE ( 'NONE', *, *, #1477, .T. ) ;
#260 = AXIS2_PLACEMENT_3D ( 'NONE', #391, #420, #238 ) ;
#261 = LINE ( 'NONE', #617, #2230 ) ;
#262 = VECTOR ( 'NONE', #2160, 1000.000000000000000 ) ;
#263 = LINE ( 'NONE', #942, #1724 ) ;
#264 = CARTESIAN_POINT ( 'NONE',  ( -4.500000000000000888, 3.799999999999999378, 5.400000000000000355 ) ) ;
#265 = VECTOR ( 'NONE', #344, 1000.000000000000000 ) ;
#266 = ORIENTED_EDGE ( 'NONE', *, *, #1225, .F. ) ;
#267 = DIRECTION ( 'NONE',  ( 0.000000000000000000, -1.000000000000000000, 0.000000000000000000 ) ) ;
#268 = ADVANCED_FACE ( 'NONE', ( #2172 ), #1680, .T. ) ;
#269 = VECTOR ( 'NONE', #1147, 1000.000000000000000 ) ;
#270 = CARTESIAN_POINT ( 'NONE',  ( -6.500000000000000888, 2.099999999999999645, 4.399999999999998579 ) ) ;
#271 = LINE ( 'NONE', #1847, #826 ) ;
#272 = EDGE_CURVE ( 'NONE', #1849, #477, #857, .T. ) ;
#273 = VERTEX_POINT ( 'NONE', #314 ) ;
#274 = LINE ( 'NONE', #2021, #1317 ) ;
#275 = CARTESIAN_POINT ( 'NONE',  ( 6.499999999999999112, 3.799999999999999378, -4.400000000000000355 ) ) ;
#276 = ORIENTED_EDGE ( 'NONE', *, *, #1973, .F. ) ;
#277 = COORDINATED_UNIVERSAL_TIME_OFFSET ( 1, 0, .AHEAD. ) ;
#278 = CARTESIAN_POINT ( 'NONE',  ( -4.500000000000000888, 9.500000000000000000, 7.400000000000000355 ) ) ;
#279 = FACE_OUTER_BOUND ( 'NONE', #962, .T. ) ;
#280 = CARTESIAN_POINT ( 'NONE',  ( 6.499999999999999112, 3.799999999999999378, -5.400000000000000355 ) ) ;
#281 = PRODUCT_DEFINITION_FORMATION_WITH_SPECIFIED_SOURCE ( 'ANY', '', #893, .NOT_KNOWN. ) ;
#282 = VERTEX_POINT ( 'NONE', #1880 ) ;
#283 = EDGE_CURVE ( 'NONE', #689, #805, #707, .T. ) ;
#284 = DIRECTION ( 'NONE',  ( -0.000000000000000000, -1.000000000000000000, -0.000000000000000000 ) ) ;
#285 = CARTESIAN_POINT ( 'NONE',  ( -6.500000000000000888, -3.673940397442061840E-16, -4.399999999999999467 ) ) ;
#286 = ORIENTED_EDGE ( 'NONE', *, *, #1067, .F. ) ;
#287 = DIRECTION ( 'NONE',  ( 1.000000000000000000, 0.000000000000000000, -0.000000000000000000 ) ) ;
#288 = CARTESIAN_POINT ( 'NONE',  ( -6.500000000000000888, 3.799999999999999378, 4.399999999999998579 ) ) ;
#289 = DIRECTION ( 'NONE',  ( -1.000000000000000000, -0.000000000000000000, -0.000000000000000000 ) ) ;
#290 = APPROVAL_PERSON_ORGANIZATION ( #234, #951, #912 ) ;
#291 = ORIENTED_EDGE ( 'NONE', *, *, #2002, .F. ) ;
#292 = VERTEX_POINT ( 'NONE', #1407 ) ;
#293 = AXIS2_PLACEMENT_3D ( 'NONE', #1155, #614, #1494 ) ;
#294 = LINE ( 'NONE', #1422, #1688 ) ;
#295 = PLANE ( 'NONE',  #1539 ) ;
#296 = EDGE_CURVE ( 'NONE', #359, #533, #2225, .T. ) ;
#297 = AXIS2_PLACEMENT_3D ( 'NONE', #1434, #723, #1062 ) ;
#298 = ORIENTED_EDGE ( 'NONE', *, *, #1564, .F. ) ;
#299 = CALENDAR_DATE ( 2026, 5, 5 ) ;
#300 = DIRECTION ( 'NONE',  ( -0.000000000000000000, -1.000000000000000000, -0.000000000000000000 ) ) ;
#301 = VECTOR ( 'NONE', #111, 1000.000000000000000 ) ;
#302 = CARTESIAN_POINT ( 'NONE',  ( -6.500000000000000888, 9.500000000000001776, -4.399999999999997691 ) ) ;
#303 = FACE_OUTER_BOUND ( 'NONE', #649, .T. ) ;
#304 = LINE ( 'NONE', #504, #734 ) ;
#305 = VERTEX_POINT ( 'NONE', #1902 ) ;
#306 = ORIENTED_EDGE ( 'NONE', *, *, #936, .F. ) ;
#307 = LINE ( 'NONE', #318, #13 ) ;
#308 = EDGE_CURVE ( 'NONE', #132, #1484, #1713, .T. ) ;
#309 = ORIENTED_EDGE ( 'NONE', *, *, #880, .F. ) ;
#310 = DIRECTION ( 'NONE',  ( 1.000000000000000000, -0.000000000000000000, -0.000000000000000000 ) ) ;
#311 = ADVANCED_FACE ( 'NONE', ( #996, #1704, #658 ), #515, .F. ) ;
#312 = VERTEX_POINT ( 'NONE', #503 ) ;
#313 = CARTESIAN_POINT ( 'NONE',  ( -6.500000000000000888, 2.099999999999999645, 7.400000000000000355 ) ) ;
#314 = CARTESIAN_POINT ( 'NONE',  ( -2.500000000000000444, 2.099999999999999645, -4.400000000000000355 ) ) ;
#315 = ORIENTED_EDGE ( 'NONE', *, *, #2017, .F. ) ;
#316 = ORIENTED_EDGE ( 'NONE', *, *, #1789, .T. ) ;
#317 = APPROVAL_PERSON_ORGANIZATION ( #623, #1447, #2180 ) ;
#318 = CARTESIAN_POINT ( 'NONE',  ( -6.500000000000000888, 9.500000000000001776, 4.399999999999999467 ) ) ;
#319 = ORIENTED_EDGE ( 'NONE', *, *, #948, .F. ) ;
#320 = FACE_OUTER_BOUND ( 'NONE', #509, .T. ) ;
#321 = EDGE_CURVE ( 'NONE', #459, #157, #335, .T. ) ;
#322 = ORIENTED_EDGE ( 'NONE', *, *, #1552, .F. ) ;
#323 = FACE_OUTER_BOUND ( 'NONE', #671, .T. ) ;
#324 = LINE ( 'NONE', #1005, #511 ) ;
#325 = ADVANCED_FACE ( 'NONE', ( #1728 ), #1545, .T. ) ;
#326 = ORIENTED_EDGE ( 'NONE', *, *, #677, .T. ) ;
#327 = ORIENTED_EDGE ( 'NONE', *, *, #399, .F. ) ;
#328 = VECTOR ( 'NONE', #2006, 1000.000000000000000 ) ;
#329 = CARTESIAN_POINT ( 'NONE',  ( -6.500000000000000888, 2.099999999999999645, -4.400000000000000355 ) ) ;
#330 = LINE ( 'NONE', #507, #696 ) ;
#331 = ORIENTED_EDGE ( 'NONE', *, *, #78, .F. ) ;
#332 = DIRECTION ( 'NONE',  ( 1.000000000000000000, -0.000000000000000000, 0.000000000000000000 ) ) ;
#333 = ORIENTED_EDGE ( 'NONE', *, *, #2165, .F. ) ;
#334 = FACE_OUTER_BOUND ( 'NONE', #648, .T. ) ;
#335 = LINE ( 'NONE', #1018, #2189 ) ;
#336 = VECTOR ( 'NONE', #1228, 1000.000000000000000 ) ;
#337 = ORIENTED_EDGE ( 'NONE', *, *, #1533, .T. ) ;
#338 = ADVANCED_FACE ( 'NONE', ( #669 ), #190, .T. ) ;
#339 = ORIENTED_EDGE ( 'NONE', *, *, #2028, .F. ) ;
#340 = VECTOR ( 'NONE', #441, 1000.000000000000000 ) ;
#341 = VECTOR ( 'NONE', #670, 1000.000000000000000 ) ;
#342 = CARTESIAN_POINT ( 'NONE',  ( -6.500000000000000888, 2.099999999999999645, 4.399999999999998579 ) ) ;
#343 = ORIENTED_EDGE ( 'NONE', *, *, #1835, .F. ) ;
#344 = DIRECTION ( 'NONE',  ( 0.000000000000000000, -1.000000000000000000, 0.000000000000000000 ) ) ;
#345 = ORIENTED_EDGE ( 'NONE', *, *, #1719, .T. ) ;
#346 = CARTESIAN_POINT ( 'NONE',  ( 2.499999999999998668, -3.673940397442061840E-16, -4.399999999999999467 ) ) ;
#347 = DIRECTION ( 'NONE',  ( 0.000000000000000000, -1.000000000000000000, 4.130293990420970869E-16 ) ) ;
#348 = LINE ( 'NONE', #1824, #1867 ) ;
#349 = ORIENTED_EDGE ( 'NONE', *, *, #1073, .F. ) ;
#350 = EDGE_CURVE ( 'NONE', #1780, #805, #324, .T. ) ;
#351 = CARTESIAN_POINT ( 'NONE',  ( -2.500000000000000444, 9.500000000000000000, -4.400000000000000355 ) ) ;
#352 = LOCAL_TIME ( 23, 16, 5.000000000000000000, #756 ) ;
#353 = EDGE_LOOP ( 'NONE', ( #2235, #1443, #1306, #2008, #1596 ) ) ;
#354 = CARTESIAN_POINT ( 'NONE',  ( -6.500000000000000888, 3.799999999999999378, 4.399999999999998579 ) ) ;
#355 = EDGE_LOOP ( 'NONE', ( #1882, #122, #395, #2063 ) ) ;
#356 = CARTESIAN_POINT ( 'NONE',  ( -6.500000000000000888, 0.000000000000000000, -7.400000000000000355 ) ) ;
#357 = DIRECTION ( 'NONE',  ( -1.000000000000000000, 0.000000000000000000, -0.000000000000000000 ) ) ;
#358 = DIRECTION ( 'NONE',  ( -1.000000000000000000, 0.000000000000000000, 0.000000000000000000 ) ) ;
#359 = VERTEX_POINT ( 'NONE', #167 ) ;
#360 = CARTESIAN_POINT ( 'NONE',  ( -2.500000000000000444, 0.000000000000000000, -7.400000000000000355 ) ) ;
#361 = VECTOR ( 'NONE', #914, 1000.000000000000000 ) ;
#362 = ADVANCED_FACE ( 'NONE', ( #1557 ), #681, .T. ) ;
#363 = AXIS2_PLACEMENT_3D ( 'NONE', #1993, #600, #416 ) ;
#364 = CARTESIAN_POINT ( 'NONE',  ( -23.78843544106869246, 0.000000000000000000, -5.400000000000000355 ) ) ;
#365 = VECTOR ( 'NONE', #96, 1000.000000000000000 ) ;
#366 = EDGE_LOOP ( 'NONE', ( #958, #1203, #2246, #2099 ) ) ;
#367 = CARTESIAN_POINT ( 'NONE',  ( 2.499999999999998668, 2.099999999999999645, 4.399999999999999467 ) ) ;
#368 = CARTESIAN_POINT ( 'NONE',  ( -6.500000000000000888, 0.000000000000000000, 7.400000000000000355 ) ) ;
#369 = VECTOR ( 'NONE', #2128, 1000.000000000000000 ) ;
#370 = DIRECTION ( 'NONE',  ( -0.000000000000000000, 1.000000000000000000, -4.130293990420970376E-16 ) ) ;
#371 = ORIENTED_EDGE ( 'NONE', *, *, #2014, .T. ) ;
#372 = VECTOR ( 'NONE', #1899, 1000.000000000000000 ) ;
#373 = ORIENTED_EDGE ( 'NONE', *, *, #204, .F. ) ;
#374 = CARTESIAN_POINT ( 'NONE',  ( -6.500000000000000888, 2.099999999999999645, -4.400000000000000355 ) ) ;
#375 = VECTOR ( 'NONE', #2111, 1000.000000000000000 ) ;
#376 = CARTESIAN_POINT ( 'NONE',  ( 6.499999999999999112, 2.099999999999999645, -5.400000000000000355 ) ) ;
#377 = FACE_OUTER_BOUND ( 'NONE', #97, .T. ) ;
#378 = ORIENTED_EDGE ( 'NONE', *, *, #1875, .T. ) ;
#379 = EDGE_CURVE ( 'NONE', #1974, #23, #1915, .T. ) ;
#380 = CYLINDRICAL_SURFACE ( 'NONE', #2149, 1.599999999999997202 ) ;
#381 = DIRECTION ( 'NONE',  ( 0.000000000000000000, -1.000000000000000000, 0.000000000000000000 ) ) ;
#382 = CARTESIAN_POINT ( 'NONE',  ( 2.499999999999998668, 0.000000000000000000, -5.400000000000000355 ) ) ;
#383 = DIRECTION ( 'NONE',  ( 0.000000000000000000, -1.000000000000000000, 0.000000000000000000 ) ) ;
#384 = ORIENTED_EDGE ( 'NONE', *, *, #869, .F. ) ;
#385 = CARTESIAN_POINT ( 'NONE',  ( -2.500000000000002220, 2.099999999999999645, 5.400000000000000355 ) ) ;
#386 = CARTESIAN_POINT ( 'NONE',  ( -2.500000000000000444, 0.000000000000000000, -4.399999999999999467 ) ) ;
#387 = ORIENTED_EDGE ( 'NONE', *, *, #1363, .F. ) ;
#388 = DIRECTION ( 'NONE',  ( 0.000000000000000000, 0.000000000000000000, 1.000000000000000000 ) ) ;
#389 = EDGE_CURVE ( 'NONE', #120, #725, #6, .T. ) ;
#390 = CARTESIAN_POINT ( 'NONE',  ( -4.500000000000000888, 9.500000000000001776, 5.400000000000000355 ) ) ;
#391 = CARTESIAN_POINT ( 'NONE',  ( 0.000000000000000000, 11.50000000000000000, 0.000000000000000000 ) ) ;
#392 = EDGE_LOOP ( 'NONE', ( #755, #630, #1576, #1374 ) ) ;
#393 = EDGE_CURVE ( 'NONE', #1963, #17, #1393, .T. ) ;
#394 = PLANE ( 'NONE',  #1432 ) ;
#395 = ORIENTED_EDGE ( 'NONE', *, *, #1334, .F. ) ;
#396 = DIRECTION ( 'NONE',  ( -0.000000000000000000, 1.000000000000000000, 1.445602896647339410E-16 ) ) ;
#397 = LINE ( 'NONE', #910, #1614 ) ;
#398 = AXIS2_PLACEMENT_3D ( 'NONE', #313, #1892, #1527 ) ;
#399 = EDGE_CURVE ( 'NONE', #1531, #1377, #1970, .T. ) ;
#400 = DIRECTION ( 'NONE',  ( 0.000000000000000000, -1.000000000000000000, -0.000000000000000000 ) ) ;
#401 = ORIENTED_EDGE ( 'NONE', *, *, #2100, .T. ) ;
#402 = COORDINATED_UNIVERSAL_TIME_OFFSET ( 1, 0, .AHEAD. ) ;
#403 = LINE ( 'NONE', #1077, #369 ) ;
#404 = FACE_OUTER_BOUND ( 'NONE', #887, .T. ) ;
#405 = CARTESIAN_POINT ( 'NONE',  ( -4.500000000000000888, 7.799999999999999822, -5.400000000000000355 ) ) ;
#406 = EDGE_CURVE ( 'NONE', #1549, #1844, #1347, .T. ) ;
#407 = AXIS2_PLACEMENT_3D ( 'NONE', #820, #1528, #1567 ) ;
#408 = VECTOR ( 'NONE', #1966, 1000.000000000000000 ) ;
#409 = ORIENTED_EDGE ( 'NONE', *, *, #871, .F. ) ;
#410 = ADVANCED_FACE ( 'NONE', ( #1438 ), #235, .F. ) ;
#411 = CARTESIAN_POINT ( 'NONE',  ( -2.500000000000000444, 3.799999999999999378, 4.399999999999998579 ) ) ;
#412 = AXIS2_PLACEMENT_3D ( 'NONE', #931, #92, #82 ) ;
#413 = LINE ( 'NONE', #231, #194 ) ;
#414 = AXIS2_PLACEMENT_3D ( 'NONE', #1134, #595, #1850 ) ;
#415 = VERTEX_POINT ( 'NONE', #1603 ) ;
#416 = DIRECTION ( 'NONE',  ( 0.000000000000000000, 0.000000000000000000, 1.000000000000000000 ) ) ;
#417 = LINE ( 'NONE', #1106, #223 ) ;
#418 = VECTOR ( 'NONE', #1895, 1000.000000000000000 ) ;
#419 = DIRECTION ( 'NONE',  ( 0.000000000000000000, 0.000000000000000000, -1.000000000000000000 ) ) ;
#420 = DIRECTION ( 'NONE',  ( 0.000000000000000000, -1.000000000000000000, 0.000000000000000000 ) ) ;
#421 = VERTEX_POINT ( 'NONE', #2115 ) ;
#422 = DIRECTION ( 'NONE',  ( 0.000000000000000000, -1.000000000000000000, 0.000000000000000000 ) ) ;
#423 = LINE ( 'NONE', #1111, #2048 ) ;
#424 = ORIENTED_EDGE ( 'NONE', *, *, #2014, .F. ) ;
#425 = APPROVAL_DATE_TIME ( #1289, #1670 ) ;
#426 = CYLINDRICAL_SURFACE ( 'NONE', #476, 1.599999999999997202 ) ;
#427 = CARTESIAN_POINT ( 'NONE',  ( 2.499999999999998668, 12.50000000000000000, -7.400000000000000355 ) ) ;
#428 = CARTESIAN_POINT ( 'NONE',  ( -2.500000000000000444, 7.799999999999999822, 4.399999999999998579 ) ) ;
#429 = VERTEX_POINT ( 'NONE', #2147 ) ;
#430 = DIRECTION ( 'NONE',  ( -1.000000000000000000, 0.000000000000000000, 0.000000000000000000 ) ) ;
#431 = VERTEX_POINT ( 'NONE', #547 ) ;
#432 = DIRECTION ( 'NONE',  ( 0.000000000000000000, 1.000000000000000000, 0.000000000000000000 ) ) ;
#433 = VERTEX_POINT ( 'NONE', #561 ) ;
#434 = APPLICATION_PROTOCOL_DEFINITION ( 'international standard', 'config_control_design', 1994, #1630 ) ;
#435 = CARTESIAN_POINT ( 'NONE',  ( -2.500000000000000444, 12.50000000000000000, -7.400000000000000355 ) ) ;
#436 = ADVANCED_FACE ( 'NONE', ( #1810 ), #913, .T. ) ;
#437 = VECTOR ( 'NONE', #870, 1000.000000000000000 ) ;
#438 = DIRECTION ( 'NONE',  ( -0.000000000000000000, 1.000000000000000000, 0.000000000000000000 ) ) ;
#439 = CARTESIAN_POINT ( 'NONE',  ( -2.500000000000000444, 3.799999999999999378, 7.400000000000000355 ) ) ;
#440 = ORIENTED_EDGE ( 'NONE', *, *, #2192, .T. ) ;
#441 = DIRECTION ( 'NONE',  ( 1.000000000000000000, -0.000000000000000000, -0.000000000000000000 ) ) ;
#442 = FACE_OUTER_BOUND ( 'NONE', #520, .T. ) ;
#443 = VECTOR ( 'NONE', #1644, 1000.000000000000000 ) ;
#444 = ORIENTED_EDGE ( 'NONE', *, *, #2017, .T. ) ;
#445 = CARTESIAN_POINT ( 'NONE',  ( -16.50000000000000000, 13.50000000000000000, -1.925929944387235853E-31 ) ) ;
#446 = EDGE_CURVE ( 'NONE', #2045, #1656, #1279, .T. ) ;
#447 = CIRCLE ( 'NONE', #554, 3.149999999999999911 ) ;
#448 = CARTESIAN_POINT ( 'NONE',  ( -22.20000000000000284, 11.50000000000000000, -7.400000000000000355 ) ) ;
#449 = LINE ( 'NONE', #1324, #902 ) ;
#450 = ORIENTED_EDGE ( 'NONE', *, *, #1861, .F. ) ;
#451 = CARTESIAN_POINT ( 'NONE',  ( 6.499999999999999112, 0.000000000000000000, -5.400000000000000355 ) ) ;
#452 = ORIENTED_EDGE ( 'NONE', *, *, #63, .F. ) ;
#453 = CARTESIAN_POINT ( 'NONE',  ( 6.499999999999999112, 0.000000000000000000, -5.400000000000000355 ) ) ;
#454 = ORIENTED_EDGE ( 'NONE', *, *, #1858, .F. ) ;
#455 = DIRECTION ( 'NONE',  ( 1.000000000000000000, 0.000000000000000000, 0.000000000000000000 ) ) ;
#456 = PLANE ( 'NONE',  #398 ) ;
#457 = CARTESIAN_POINT ( 'NONE',  ( 6.499999999999999112, 0.000000000000000000, 4.399999999999999467 ) ) ;
#458 = ADVANCED_FACE ( 'NONE', ( #757 ), #1984, .T. ) ;
#459 = VERTEX_POINT ( 'NONE', #1267 ) ;
#460 = EDGE_CURVE ( 'NONE', #1859, #1635, #727, .T. ) ;
#461 = ORIENTED_EDGE ( 'NONE', *, *, #980, .T. ) ;
#462 = CARTESIAN_POINT ( 'NONE',  ( 6.499999999999999112, 0.000000000000000000, 5.400000000000000355 ) ) ;
#463 = LINE ( 'NONE', #1806, #11 ) ;
#464 = ORIENTED_EDGE ( 'NONE', *, *, #991, .T. ) ;
#465 = CARTESIAN_POINT ( 'NONE',  ( 2.499999999999998668, 12.50000000000000000, 7.400000000000000355 ) ) ;
#466 = FACE_BOUND ( 'NONE', #574, .T. ) ;
#467 = DIRECTION ( 'NONE',  ( 0.000000000000000000, 0.000000000000000000, 1.000000000000000000 ) ) ;
#468 = VECTOR ( 'NONE', #1602, 1000.000000000000000 ) ;
#469 = EDGE_CURVE ( 'NONE', #1135, #2051, #403, .T. ) ;
#470 = ORIENTED_EDGE ( 'NONE', *, *, #1350, .F. ) ;
#471 = ORIENTED_EDGE ( 'NONE', *, *, #1717, .F. ) ;
#472 = VECTOR ( 'NONE', #10, 1000.000000000000000 ) ;
#473 = ADVANCED_FACE ( 'NONE', ( #1066 ), #748, .T. ) ;
#474 = CARTESIAN_POINT ( 'NONE',  ( 6.499999999999999112, 13.50000000000000178, 4.399999999999999467 ) ) ;
#475 = VECTOR ( 'NONE', #2047, 1000.000000000000000 ) ;
#476 = AXIS2_PLACEMENT_3D ( 'NONE', #1481, #612, #1657 ) ;
#477 = VERTEX_POINT ( 'NONE', #72 ) ;
#478 = PLANE ( 'NONE',  #114 ) ;
#479 = VERTEX_POINT ( 'NONE', #581 ) ;
#480 = DIRECTION ( 'NONE',  ( 1.000000000000000000, 0.000000000000000000, 0.000000000000000000 ) ) ;
#481 = CARTESIAN_POINT ( 'NONE',  ( 2.499999999999998668, 9.500000000000000000, -4.400000000000000355 ) ) ;
#482 = PLANE ( 'NONE',  #1500 ) ;
#483 = EDGE_LOOP ( 'NONE', ( #1325, #2200, #604, #818, #551, #2077, #1624, #1998, #1910, #1028, #1431, #1235 ) ) ;
#484 = ORIENTED_EDGE ( 'NONE', *, *, #1875, .F. ) ;
#485 = EDGE_CURVE ( 'NONE', #206, #67, #417, .T. ) ;
#486 = LINE ( 'NONE', #841, #1388 ) ;
#487 = EDGE_CURVE ( 'NONE', #1842, #1365, #1781, .T. ) ;
#488 = VERTEX_POINT ( 'NONE', #901 ) ;
#489 = FACE_OUTER_BOUND ( 'NONE', #1579, .T. ) ;
#490 = EDGE_CURVE ( 'NONE', #292, #1718, #1937, .T. ) ;
#491 = ORIENTED_EDGE ( 'NONE', *, *, #308, .F. ) ;
#492 = LINE ( 'NONE', #1184, #1938 ) ;
#493 = DIRECTION ( 'NONE',  ( 0.000000000000000000, 0.000000000000000000, -1.000000000000000000 ) ) ;
#494 = MANIFOLD_SOLID_BREP ( 'Cut-Extrude4', #1788 ) ;
#495 = ORIENTED_EDGE ( 'NONE', *, *, #469, .F. ) ;
#496 = ORIENTED_EDGE ( 'NONE', *, *, #156, .F. ) ;
#497 = DIRECTION ( 'NONE',  ( -1.000000000000000000, 0.000000000000000000, -0.000000000000000000 ) ) ;
#498 = ORIENTED_EDGE ( 'NONE', *, *, #784, .T. ) ;
#499 = LINE ( 'NONE', #1748, #939 ) ;
#500 = VERTEX_POINT ( 'NONE', #368 ) ;
#501 = EDGE_CURVE ( 'NONE', #1929, #1787, #879, .T. ) ;
#502 = DIRECTION ( 'NONE',  ( 0.000000000000000000, -0.000000000000000000, -1.000000000000000000 ) ) ;
#503 = CARTESIAN_POINT ( 'NONE',  ( 2.499999999999995115, -3.673940397442061840E-16, -4.399999999999999467 ) ) ;
#504 = CARTESIAN_POINT ( 'NONE',  ( -6.500000000000000888, 2.099999999999999645, 4.399999999999998579 ) ) ;
#505 = ORIENTED_EDGE ( 'NONE', *, *, #228, .F. ) ;
#506 = VECTOR ( 'NONE', #1269, 1000.000000000000000 ) ;
#507 = CARTESIAN_POINT ( 'NONE',  ( -32.50000000000000000, 15.50000000000000000, -7.400000000000000355 ) ) ;
#508 = AXIS2_PLACEMENT_3D ( 'NONE', #1093, #1606, #205 ) ;
#509 = EDGE_LOOP ( 'NONE', ( #1831, #1900, #1702, #1316, #93, #684 ) ) ;
#510 = CARTESIAN_POINT ( 'NONE',  ( -2.500000000000000444, 3.799999999999999378, -4.400000000000000355 ) ) ;
#511 = VECTOR ( 'NONE', #2070, 1000.000000000000000 ) ;
#512 = VECTOR ( 'NONE', #202, 1000.000000000000000 ) ;
#513 = EDGE_LOOP ( 'NONE', ( #1284, #1197, #535, #798 ) ) ;
#514 = CARTESIAN_POINT ( 'NONE',  ( -6.500000000000000888, 9.500000000000000000, -7.400000000000000355 ) ) ;
#515 = PLANE ( 'NONE',  #1086 ) ;
#516 = VECTOR ( 'NONE', #310, 1000.000000000000000 ) ;
#517 = ADVANCED_FACE ( 'NONE', ( #38 ), #1950, .T. ) ;
#518 = CARTESIAN_POINT ( 'NONE',  ( -23.78843544106869246, 0.000000000000000000, -5.400000000000000355 ) ) ;
#519 = VERTEX_POINT ( 'NONE', #211 ) ;
#520 = EDGE_LOOP ( 'NONE', ( #409, #3, #2062, #327 ) ) ;
#521 = VECTOR ( 'NONE', #370, 1000.000000000000000 ) ;
#522 = CARTESIAN_POINT ( 'NONE',  ( -28.50000000000000355, 13.94999999999999751, 1.599999999999997202 ) ) ;
#523 = ORIENTED_EDGE ( 'NONE', *, *, #1851, .T. ) ;
#524 = CARTESIAN_POINT ( 'NONE',  ( -23.78843544106869246, 3.799999999999999378, 5.400000000000000355 ) ) ;
#525 = ORIENTED_EDGE ( 'NONE', *, *, #1068, .F. ) ;
#526 = CARTESIAN_POINT ( 'NONE',  ( 6.499999999999999112, 3.799999999999999378, 5.400000000000000355 ) ) ;
#527 = DIRECTION ( 'NONE',  ( 1.000000000000000000, 0.000000000000000000, 0.000000000000000000 ) ) ;
#528 = CARTESIAN_POINT ( 'NONE',  ( -4.500000000000000888, 2.099999999999999645, -5.400000000000000355 ) ) ;
#529 = CARTESIAN_POINT ( 'NONE',  ( -23.78843544106869246, 2.099999999999999645, 5.400000000000000355 ) ) ;
#530 = EDGE_CURVE ( 'NONE', #718, #1484, #889, .T. ) ;
#531 = VERTEX_POINT ( 'NONE', #799 ) ;
#532 = CARTESIAN_POINT ( 'NONE',  ( 2.499999999999998668, 0.000000000000000000, 4.399999999999999467 ) ) ;
#533 = VERTEX_POINT ( 'NONE', #2181 ) ;
#534 = CARTESIAN_POINT ( 'NONE',  ( -23.78843544106869246, 3.799999999999999822, -5.400000000000000355 ) ) ;
#535 = ORIENTED_EDGE ( 'NONE', *, *, #746, .T. ) ;
#536 = DIRECTION ( 'NONE',  ( 0.000000000000000000, 0.000000000000000000, 1.000000000000000000 ) ) ;
#537 = CARTESIAN_POINT ( 'NONE',  ( -23.78843544106869246, 7.799999999999999822, -5.400000000000000355 ) ) ;
#538 = LINE ( 'NONE', #1233, #1487 ) ;
#539 = ORIENTED_EDGE ( 'NONE', *, *, #1474, .F. ) ;
#540 = ORIENTED_EDGE ( 'NONE', *, *, #864, .T. ) ;
#541 = DIRECTION ( 'NONE',  ( 0.000000000000000000, 0.000000000000000000, 1.000000000000000000 ) ) ;
#542 = EDGE_CURVE ( 'NONE', #23, #1511, #1459, .T. ) ;
#543 = CARTESIAN_POINT ( 'NONE',  ( -2.500000000000000444, 3.799999999999999378, -4.400000000000001243 ) ) ;
#544 = VECTOR ( 'NONE', #985, 1000.000000000000000 ) ;
#545 = ORIENTED_EDGE ( 'NONE', *, *, #1533, .F. ) ;
#546 = DIRECTION ( 'NONE',  ( -0.000000000000000000, -1.000000000000000000, -0.000000000000000000 ) ) ;
#547 = CARTESIAN_POINT ( 'NONE',  ( -6.500000000000000888, 3.799999999999999378, 4.399999999999998579 ) ) ;
#548 = VECTOR ( 'NONE', #775, 1000.000000000000000 ) ;
#549 = CARTESIAN_POINT ( 'NONE',  ( -6.500000000000000888, 13.50000000000000000, -4.399999999999997691 ) ) ;
#550 = DIRECTION ( 'NONE',  ( 0.000000000000000000, 0.000000000000000000, -1.000000000000000000 ) ) ;
#551 = ORIENTED_EDGE ( 'NONE', *, *, #1627, .T. ) ;
#552 = CARTESIAN_POINT ( 'NONE',  ( -2.500000000000000444, 9.500000000000000000, -7.400000000000000355 ) ) ;
#553 = CIRCLE ( 'NONE', #1019, 1.599999999999997202 ) ;
#554 = AXIS2_PLACEMENT_3D ( 'NONE', #1509, #146, #1025 ) ;
#555 = EDGE_CURVE ( 'NONE', #429, #847, #1690, .T. ) ;
#556 = FACE_OUTER_BOUND ( 'NONE', #778, .T. ) ;
#557 = EDGE_CURVE ( 'NONE', #2000, #1780, #1676, .T. ) ;
#558 = LINE ( 'NONE', #956, #801 ) ;
#559 = ORIENTED_EDGE ( 'NONE', *, *, #955, .T. ) ;
#560 = PERSON_AND_ORGANIZATION ( #1598, #1274 ) ;
#561 = CARTESIAN_POINT ( 'NONE',  ( 6.499999999999999112, 9.499999999999998224, 5.400000000000000355 ) ) ;
#562 = ADVANCED_FACE ( 'NONE', ( #786 ), #1471, .F. ) ;
#563 = CARTESIAN_POINT ( 'NONE',  ( 6.499999999999999112, 15.50000000000000000, 7.400000000000000355 ) ) ;
#564 = FACE_OUTER_BOUND ( 'NONE', #2206, .T. ) ;
#565 = ORIENTED_EDGE ( 'NONE', *, *, #158, .T. ) ;
#566 = LINE ( 'NONE', #1237, #1100 ) ;
#567 = CARTESIAN_POINT ( 'NONE',  ( -6.500000000000000888, 3.799999999999999378, -4.400000000000000355 ) ) ;
#568 = DIRECTION ( 'NONE',  ( -0.000000000000000000, 1.000000000000000000, -0.000000000000000000 ) ) ;
#569 = EDGE_CURVE ( 'NONE', #964, #500, #2034, .T. ) ;
#570 = ORIENTED_EDGE ( 'NONE', *, *, #1817, .F. ) ;
#571 = CARTESIAN_POINT ( 'NONE',  ( -6.500000000000000888, 7.799999999999999822, 4.399999999999998579 ) ) ;
#572 = EDGE_CURVE ( 'NONE', #1797, #1158, #1866, .T. ) ;
#573 = DIRECTION ( 'NONE',  ( 1.000000000000000000, 0.000000000000000000, 0.000000000000000000 ) ) ;
#574 = EDGE_LOOP ( 'NONE', ( #641, #1803 ) ) ;
#575 = CARTESIAN_POINT ( 'NONE',  ( -32.50000000000000000, 15.50000000000000000, 7.400000000000000355 ) ) ;
#576 = AXIS2_PLACEMENT_3D ( 'NONE', #168, #212, #357 ) ;
#577 = CARTESIAN_POINT ( 'NONE',  ( -32.50000000000000000, 13.50000000000000000, 7.400000000000000355 ) ) ;
#578 = VECTOR ( 'NONE', #2114, 1000.000000000000000 ) ;
#579 = ORIENTED_EDGE ( 'NONE', *, *, #1848, .F. ) ;
#580 = CALENDAR_DATE ( 2026, 5, 5 ) ;
#581 = CARTESIAN_POINT ( 'NONE',  ( -6.500000000000000888, 2.099999999999999645, 4.399999999999998579 ) ) ;
#582 = DIRECTION ( 'NONE',  ( 0.000000000000000000, -1.000000000000000000, 0.000000000000000000 ) ) ;
#583 = DIRECTION ( 'NONE',  ( 0.000000000000000000, 1.000000000000000000, 0.000000000000000000 ) ) ;
#584 = EDGE_CURVE ( 'NONE', #1365, #2013, #590, .T. ) ;
#585 = VECTOR ( 'NONE', #783, 1000.000000000000000 ) ;
#586 = ORIENTED_EDGE ( 'NONE', *, *, #948, .T. ) ;
#587 = DIRECTION ( 'NONE',  ( -0.000000000000000000, -1.000000000000000000, -0.000000000000000000 ) ) ;
#588 = CARTESIAN_POINT ( 'NONE',  ( -4.500000000000000888, 7.799999999999999822, 7.400000000000000355 ) ) ;
#589 = ORIENTED_EDGE ( 'NONE', *, *, #822, .T. ) ;
#590 = LINE ( 'NONE', #1330, #1532 ) ;
#591 = EDGE_CURVE ( 'NONE', #1963, #1684, #970, .T. ) ;
#592 = DIRECTION ( 'NONE',  ( -0.000000000000000000, -0.000000000000000000, 1.000000000000000000 ) ) ;
#593 = PLANE ( 'NONE',  #260 ) ;
#594 = VERTEX_POINT ( 'NONE', #465 ) ;
#595 = DIRECTION ( 'NONE',  ( -0.000000000000000000, 1.000000000000000000, 0.000000000000000000 ) ) ;
#596 = ORIENTED_EDGE ( 'NONE', *, *, #4, .T. ) ;
#597 = EDGE_CURVE ( 'NONE', #23, #1135, #1159, .T. ) ;
#598 = DIRECTION ( 'NONE',  ( 1.000000000000000000, 0.000000000000000000, 0.000000000000000000 ) ) ;
#599 = ORIENTED_EDGE ( 'NONE', *, *, #781, .F. ) ;
#600 = DIRECTION ( 'NONE',  ( -0.000000000000000000, 1.000000000000000000, -0.000000000000000000 ) ) ;
#601 = DIRECTION ( 'NONE',  ( 0.000000000000000000, 0.000000000000000000, 1.000000000000000000 ) ) ;
#602 = LINE ( 'NONE', #1472, #721 ) ;
#603 = DIRECTION ( 'NONE',  ( 0.000000000000000000, 0.000000000000000000, 1.000000000000000000 ) ) ;
#604 = ORIENTED_EDGE ( 'NONE', *, *, #204, .T. ) ;
#605 = LINE ( 'NONE', #1476, #119 ) ;
#606 = ORIENTED_EDGE ( 'NONE', *, *, #1735, .F. ) ;
#607 = ADVANCED_BREP_SHAPE_REPRESENTATION ( 'IR_Sensor_Holder_D4', ( #494, #722 ), #1827 ) ;
#608 = CARTESIAN_POINT ( 'NONE',  ( -32.50000000000000000, 13.50000000000000000, -7.400000000000000355 ) ) ;
#609 = EDGE_CURVE ( 'NONE', #832, #459, #653, .T. ) ;
#610 = ORIENTED_EDGE ( 'NONE', *, *, #1009, .F. ) ;
#611 = PERSON_AND_ORGANIZATION_ROLE ( 'classification_officer' ) ;
#612 = DIRECTION ( 'NONE',  ( -0.000000000000000000, 1.000000000000000000, -0.000000000000000000 ) ) ;
#613 = CARTESIAN_POINT ( 'NONE',  ( -2.500000000000000444, 2.099999999999999645, 4.399999999999999467 ) ) ;
#614 = DIRECTION ( 'NONE',  ( -0.000000000000000000, 1.000000000000000000, -0.000000000000000000 ) ) ;
#615 = EDGE_LOOP ( 'NONE', ( #1454, #1328, #326, #200 ) ) ;
#616 = VECTOR ( 'NONE', #717, 1000.000000000000000 ) ;
#617 = CARTESIAN_POINT ( 'NONE',  ( -2.500000000000000444, 2.099999999999999645, -7.400000000000000355 ) ) ;
#618 = AXIS2_PLACEMENT_3D ( 'NONE', #1247, #1090, #1449 ) ;
#619 = DIRECTION ( 'NONE',  ( 1.000000000000000000, 0.000000000000000000, 0.000000000000000000 ) ) ;
#620 = VECTOR ( 'NONE', #2011, 1000.000000000000000 ) ;
#621 = ORIENTED_EDGE ( 'NONE', *, *, #161, .F. ) ;
#622 = ADVANCED_FACE ( 'NONE', ( #1994 ), #426, .F. ) ;
#623 = PERSON_AND_ORGANIZATION ( #1598, #1274 ) ;
#624 = CARTESIAN_POINT ( 'NONE',  ( -23.78843544106869246, 0.000000000000000000, 5.400000000000000355 ) ) ;
#625 = AXIS2_PLACEMENT_3D ( 'NONE', #849, #1157, #1386 ) ;
#626 = VECTOR ( 'NONE', #180, 1000.000000000000000 ) ;
#627 = EDGE_CURVE ( 'NONE', #1405, #1747, #1116, .T. ) ;
#628 = PLANE ( 'NONE',  #2076 ) ;
#629 = CARTESIAN_POINT ( 'NONE',  ( 2.499999999999998668, 0.000000000000000000, 5.400000000000000355 ) ) ;
#630 = ORIENTED_EDGE ( 'NONE', *, *, #2123, .F. ) ;
#631 = DIRECTION ( 'NONE',  ( 1.000000000000000000, 0.000000000000000000, 0.000000000000000000 ) ) ;
#632 = LINE ( 'NONE', #753, #761 ) ;
#633 = ORIENTED_EDGE ( 'NONE', *, *, #1099, .T. ) ;
#634 = DIRECTION ( 'NONE',  ( 0.000000000000000000, -0.000000000000000000, 1.000000000000000000 ) ) ;
#635 = FACE_OUTER_BOUND ( 'NONE', #737, .T. ) ;
#636 = CARTESIAN_POINT ( 'NONE',  ( -6.500000000000000888, 3.799999999999999378, -4.400000000000000355 ) ) ;
#637 = EDGE_CURVE ( 'NONE', #108, #1859, #255, .T. ) ;
#638 = ORIENTED_EDGE ( 'NONE', *, *, #140, .F. ) ;
#639 = ORIENTED_EDGE ( 'NONE', *, *, #2229, .T. ) ;
#640 = LINE ( 'NONE', #1351, #701 ) ;
#641 = ORIENTED_EDGE ( 'NONE', *, *, #609, .T. ) ;
#642 = CYLINDRICAL_SURFACE ( 'NONE', #1091, 4.999999999999997335 ) ;
#643 = VERTEX_POINT ( 'NONE', #935 ) ;
#644 = CARTESIAN_POINT ( 'NONE',  ( 2.499999999999995115, 7.799999999999999822, 4.399999999999998579 ) ) ;
#645 = CARTESIAN_POINT ( 'NONE',  ( 2.499999999999998668, 9.500000000000000000, -7.400000000000000355 ) ) ;
#646 = VECTOR ( 'NONE', #2194, 1000.000000000000000 ) ;
#647 = VECTOR ( 'NONE', #84, 1000.000000000000000 ) ;
#648 = EDGE_LOOP ( 'NONE', ( #570, #384, #1469, #440 ) ) ;
#649 = EDGE_LOOP ( 'NONE', ( #1587, #1731, #1501, #596 ) ) ;
#650 = AXIS2_PLACEMENT_3D ( 'NONE', #1784, #1282, #904 ) ;
#651 = DIRECTION ( 'NONE',  ( 0.000000000000000000, -0.000000000000000000, 1.000000000000000000 ) ) ;
#652 = VECTOR ( 'NONE', #982, 1000.000000000000000 ) ;
#653 = CIRCLE ( 'NONE', #1834, 4.999999999999997335 ) ;
#654 = VERTEX_POINT ( 'NONE', #85 ) ;
#655 = CARTESIAN_POINT ( 'NONE',  ( -6.500000000000000888, 2.099999999999999645, 4.399999999999998579 ) ) ;
#656 = ORIENTED_EDGE ( 'NONE', *, *, #214, .F. ) ;
#657 = CARTESIAN_POINT ( 'NONE',  ( -6.500000000000000888, 7.799999999999999822, -4.400000000000000355 ) ) ;
#658 = FACE_OUTER_BOUND ( 'NONE', #825, .T. ) ;
#659 = VECTOR ( 'NONE', #1814, 1000.000000000000000 ) ;
#660 = ORIENTED_EDGE ( 'NONE', *, *, #296, .F. ) ;
#661 = ORIENTED_EDGE ( 'NONE', *, *, #214, .T. ) ;
#662 = ADVANCED_FACE ( 'NONE', ( #2005 ), #1127, .T. ) ;
#663 = CARTESIAN_POINT ( 'NONE',  ( 6.499999999999999112, 0.000000000000000000, 7.400000000000000355 ) ) ;
#664 = CARTESIAN_POINT ( 'NONE',  ( 2.499999999999998668, 9.500000000000001776, 5.400000000000000355 ) ) ;
#665 = ORIENTED_EDGE ( 'NONE', *, *, #1861, .T. ) ;
#666 = DIRECTION ( 'NONE',  ( 0.000000000000000000, 0.000000000000000000, -1.000000000000000000 ) ) ;
#667 = EDGE_LOOP ( 'NONE', ( #1942, #1033, #1761, #1151 ) ) ;
#668 = DIRECTION ( 'NONE',  ( -1.000000000000000000, 0.000000000000000000, 0.000000000000000000 ) ) ;
#669 = FACE_OUTER_BOUND ( 'NONE', #2003, .T. ) ;
#670 = DIRECTION ( 'NONE',  ( -0.000000000000000000, 0.000000000000000000, 1.000000000000000000 ) ) ;
#671 = EDGE_LOOP ( 'NONE', ( #751, #1382, #765, #170 ) ) ;
#672 = ORIENTED_EDGE ( 'NONE', *, *, #1717, .T. ) ;
#673 = LINE ( 'NONE', #2252, #1138 ) ;
#674 = DIRECTION ( 'NONE',  ( 1.000000000000000000, 0.000000000000000000, 0.000000000000000000 ) ) ;
#675 = ORIENTED_EDGE ( 'NONE', *, *, #1309, .T. ) ;
#676 = CARTESIAN_POINT ( 'NONE',  ( 2.499999999999998668, 0.000000000000000000, -7.400000000000000355 ) ) ;
#677 = EDGE_CURVE ( 'NONE', #1917, #1114, #94, .T. ) ;
#678 = EDGE_CURVE ( 'NONE', #312, #847, #104, .T. ) ;
#679 = EDGE_LOOP ( 'NONE', ( #306, #243, #1860, #1169 ) ) ;
#680 = CARTESIAN_POINT ( 'NONE',  ( -6.500000000000000888, 3.799999999999999378, -4.400000000000000355 ) ) ;
#681 = PLANE ( 'NONE',  #1051 ) ;
#682 = FACE_OUTER_BOUND ( 'NONE', #1526, .T. ) ;
#683 = ORIENTED_EDGE ( 'NONE', *, *, #229, .F. ) ;
#684 = ORIENTED_EDGE ( 'NONE', *, *, #1378, .T. ) ;
#685 = VECTOR ( 'NONE', #984, 1000.000000000000000 ) ;
#686 = LINE ( 'NONE', #462, #51 ) ;
#687 = DIRECTION ( 'NONE',  ( -0.000000000000000000, -0.000000000000000000, 1.000000000000000000 ) ) ;
#688 = VECTOR ( 'NONE', #77, 1000.000000000000000 ) ;
#689 = VERTEX_POINT ( 'NONE', #1321 ) ;
#690 = DIRECTION ( 'NONE',  ( 0.000000000000000000, 1.000000000000000000, 0.000000000000000000 ) ) ;
#691 = VECTOR ( 'NONE', #219, 1000.000000000000000 ) ;
#692 = CIRCLE ( 'NONE', #1980, 4.999999999999997335 ) ;
#693 = ORIENTED_EDGE ( 'NONE', *, *, #1891, .F. ) ;
#694 = PLANE ( 'NONE',  #754 ) ;
#695 = CARTESIAN_POINT ( 'NONE',  ( -32.50000000000000000, 13.50000000000000000, -7.400000000000000355 ) ) ;
#696 = VECTOR ( 'NONE', #2241, 1000.000000000000000 ) ;
#697 = EDGE_CURVE ( 'NONE', #1917, #1314, #2025, .T. ) ;
#698 = DIRECTION ( 'NONE',  ( 0.000000000000000000, 0.000000000000000000, -1.000000000000000000 ) ) ;
#699 = LINE ( 'NONE', #529, #1310 ) ;
#700 = ORIENTED_EDGE ( 'NONE', *, *, #101, .F. ) ;
#701 = VECTOR ( 'NONE', #1337, 1000.000000000000000 ) ;
#702 = PLANE ( 'NONE',  #1685 ) ;
#703 = ORIENTED_EDGE ( 'NONE', *, *, #161, .T. ) ;
#704 = LINE ( 'NONE', #1793, #2122 ) ;
#705 = ORIENTED_EDGE ( 'NONE', *, *, #637, .T. ) ;
#706 = DIRECTION ( 'NONE',  ( 0.000000000000000000, 0.000000000000000000, 1.000000000000000000 ) ) ;
#707 = LINE ( 'NONE', #1042, #2012 ) ;
#708 = CARTESIAN_POINT ( 'NONE',  ( 0.000000000000000000, 0.000000000000000000, 0.000000000000000000 ) ) ;
#709 = ORIENTED_EDGE ( 'NONE', *, *, #2237, .F. ) ;
#710 = EDGE_CURVE ( 'NONE', #1003, #305, #150, .T. ) ;
#711 = VERTEX_POINT ( 'NONE', #1710 ) ;
#712 = LINE ( 'NONE', #1412, #375 ) ;
#713 = DIRECTION ( 'NONE',  ( 0.000000000000000000, 0.000000000000000000, -1.000000000000000000 ) ) ;
#714 = ORIENTED_EDGE ( 'NONE', *, *, #199, .T. ) ;
#715 = CARTESIAN_POINT ( 'NONE',  ( 6.499999999999999112, 9.500000000000000000, -4.400000000000000355 ) ) ;
#716 = DIRECTION ( 'NONE',  ( 0.000000000000000000, -0.000000000000000000, 1.000000000000000000 ) ) ;
#717 = DIRECTION ( 'NONE',  ( -0.000000000000000000, 1.000000000000000000, -0.000000000000000000 ) ) ;
#718 = VERTEX_POINT ( 'NONE', #2211 ) ;
#719 = ADVANCED_FACE ( 'NONE', ( #489 ), #642, .F. ) ;
#720 = LINE ( 'NONE', #1444, #1765 ) ;
#721 = VECTOR ( 'NONE', #1078, 1000.000000000000000 ) ;
#722 = AXIS2_PLACEMENT_3D ( 'NONE', #1258, #1089, #1105 ) ;
#723 = DIRECTION ( 'NONE',  ( -1.000000000000000000, 0.000000000000000000, 0.000000000000000000 ) ) ;
#724 = AXIS2_PLACEMENT_3D ( 'NONE', #926, #583, #1462 ) ;
#725 = VERTEX_POINT ( 'NONE', #1340 ) ;
#726 = CARTESIAN_POINT ( 'NONE',  ( -6.500000000000000888, 0.000000000000000000, -7.400000000000000355 ) ) ;
#727 = LINE ( 'NONE', #1636, #1492 ) ;
#728 = LINE ( 'NONE', #1766, #1418 ) ;
#729 = FACE_BOUND ( 'NONE', #2168, .T. ) ;
#730 = ORIENTED_EDGE ( 'NONE', *, *, #800, .T. ) ;
#731 = LINE ( 'NONE', #567, #1498 ) ;
#732 = VECTOR ( 'NONE', #674, 1000.000000000000000 ) ;
#733 = ADVANCED_FACE ( 'NONE', ( #1723 ), #164, .F. ) ;
#734 = VECTOR ( 'NONE', #986, 1000.000000000000000 ) ;
#735 = DIRECTION ( 'NONE',  ( 0.000000000000000000, 0.000000000000000000, 1.000000000000000000 ) ) ;
#736 = ADVANCED_FACE ( 'NONE', ( #136 ), #478, .F. ) ;
#737 = EDGE_LOOP ( 'NONE', ( #1664, #1709, #1030, #579 ) ) ;
#738 = APPLICATION_PROTOCOL_DEFINITION ( 'international standard', 'config_control_design', 1994, #1012 ) ;
#739 = DIRECTION ( 'NONE',  ( 0.000000000000000000, 5.782411586589357639E-16, -1.000000000000000000 ) ) ;
#740 = DIRECTION ( 'NONE',  ( -0.000000000000000000, -1.156482317317871528E-15, 1.000000000000000000 ) ) ;
#741 = LINE ( 'NONE', #759, #1344 ) ;
#742 = ORIENTED_EDGE ( 'NONE', *, *, #174, .F. ) ;
#743 = LINE ( 'NONE', #360, #1467 ) ;
#744 = DIRECTION ( 'NONE',  ( 1.000000000000000000, 0.000000000000000000, 0.000000000000000000 ) ) ;
#745 = ORIENTED_EDGE ( 'NONE', *, *, #1497, .F. ) ;
#746 = EDGE_CURVE ( 'NONE', #431, #1929, #831, .T. ) ;
#747 = DIRECTION ( 'NONE',  ( 0.000000000000000000, -1.000000000000000000, 0.000000000000000000 ) ) ;
#748 = PLANE ( 'NONE',  #618 ) ;
#749 = CARTESIAN_POINT ( 'NONE',  ( -24.20000000000000639, 13.50000000000000000, -7.400000000000000355 ) ) ;
#750 = CARTESIAN_POINT ( 'NONE',  ( -4.500000000000001776, 2.099999999999999645, -4.400000000000000355 ) ) ;
#751 = ORIENTED_EDGE ( 'NONE', *, *, #393, .T. ) ;
#752 = CARTESIAN_POINT ( 'NONE',  ( -2.500000000000000444, 7.799999999999999822, -5.400000000000000355 ) ) ;
#753 = CARTESIAN_POINT ( 'NONE',  ( -4.500000000000000888, 9.500000000000001776, 7.400000000000000355 ) ) ;
#754 = AXIS2_PLACEMENT_3D ( 'NONE', #1017, #29, #1406 ) ;
#755 = ORIENTED_EDGE ( 'NONE', *, *, #1099, .F. ) ;
#756 = COORDINATED_UNIVERSAL_TIME_OFFSET ( 1, 0, .AHEAD. ) ;
#757 = FACE_OUTER_BOUND ( 'NONE', #28, .T. ) ;
#758 = CARTESIAN_POINT ( 'NONE',  ( 2.499999999999998668, 2.099999999999999645, -7.400000000000000355 ) ) ;
#759 = CARTESIAN_POINT ( 'NONE',  ( -4.500000000000000888, 0.000000000000000000, -5.400000000000000355 ) ) ;
#760 = ADVANCED_FACE ( 'NONE', ( #2042 ), #1216, .F. ) ;
#761 = VECTOR ( 'NONE', #764, 1000.000000000000000 ) ;
#762 = ORIENTED_EDGE ( 'NONE', *, *, #572, .F. ) ;
#763 = DIRECTION ( 'NONE',  ( 0.000000000000000000, 1.000000000000000000, 0.000000000000000000 ) ) ;
#764 = DIRECTION ( 'NONE',  ( 0.000000000000000000, 0.000000000000000000, -1.000000000000000000 ) ) ;
#765 = ORIENTED_EDGE ( 'NONE', *, *, #156, .T. ) ;
#766 = CARTESIAN_POINT ( 'NONE',  ( -6.500000000000000888, 0.000000000000000000, -7.400000000000000355 ) ) ;
#767 = DIRECTION ( 'NONE',  ( -0.000000000000000000, -0.000000000000000000, 1.000000000000000000 ) ) ;
#768 = PLANE ( 'NONE',  #1897 ) ;
#769 = LINE ( 'NONE', #2036, #544 ) ;
#770 = ORIENTED_EDGE ( 'NONE', *, *, #1805, .T. ) ;
#771 = EDGE_CURVE ( 'NONE', #921, #863, #1877, .T. ) ;
#772 = DIRECTION ( 'NONE',  ( 0.000000000000000000, -0.000000000000000000, -1.000000000000000000 ) ) ;
#773 = CARTESIAN_POINT ( 'NONE',  ( -6.500000000000000888, 3.799999999999999378, 4.399999999999998579 ) ) ;
#774 = ORIENTED_EDGE ( 'NONE', *, *, #272, .F. ) ;
#775 = DIRECTION ( 'NONE',  ( -0.000000000000000000, -0.000000000000000000, 1.000000000000000000 ) ) ;
#776 = CARTESIAN_POINT ( 'NONE',  ( -6.500000000000000888, 3.799999999999999378, -4.400000000000000355 ) ) ;
#777 = LINE ( 'NONE', #950, #1084 ) ;
#778 = EDGE_LOOP ( 'NONE', ( #762, #745, #1096, #343 ) ) ;
#779 = CARTESIAN_POINT ( 'NONE',  ( 0.000000000000000000, 0.000000000000000000, 0.000000000000000000 ) ) ;
#780 = ORIENTED_EDGE ( 'NONE', *, *, #485, .T. ) ;
#781 = EDGE_CURVE ( 'NONE', #120, #1893, #1354, .T. ) ;
#782 = PLANE ( 'NONE',  #1802 ) ;
#783 = DIRECTION ( 'NONE',  ( 1.000000000000000000, -0.000000000000000000, -0.000000000000000000 ) ) ;
#784 = EDGE_CURVE ( 'NONE', #17, #987, #1204, .T. ) ;
#785 = ORIENTED_EDGE ( 'NONE', *, *, #246, .T. ) ;
#786 = FACE_OUTER_BOUND ( 'NONE', #990, .T. ) ;
#787 = VECTOR ( 'NONE', #1493, 1000.000000000000000 ) ;
#788 = EDGE_CURVE ( 'NONE', #1490, #60, #2234, .T. ) ;
#789 = CARTESIAN_POINT ( 'NONE',  ( -28.50000000000000355, 15.50000000000000000, 3.149999999999999911 ) ) ;
#790 = DIRECTION ( 'NONE',  ( 0.000000000000000000, 0.000000000000000000, 1.000000000000000000 ) ) ;
#791 = ORIENTED_EDGE ( 'NONE', *, *, #1474, .T. ) ;
#792 = FACE_OUTER_BOUND ( 'NONE', #1570, .T. ) ;
#793 = ORIENTED_EDGE ( 'NONE', *, *, #144, .T. ) ;
#794 = VECTOR ( 'NONE', #1524, 1000.000000000000000 ) ;
#795 = PLANE ( 'NONE',  #412 ) ;
#796 = CONICAL_SURFACE ( 'NONE', #1536, 3.149999999999999911, 0.7853981633974482790 ) ;
#797 = EDGE_CURVE ( 'NONE', #459, #832, #692, .T. ) ;
#798 = ORIENTED_EDGE ( 'NONE', *, *, #2217, .T. ) ;
#799 = CARTESIAN_POINT ( 'NONE',  ( -2.500000000000000444, 0.000000000000000000, -7.400000000000000355 ) ) ;
#800 = EDGE_CURVE ( 'NONE', #1045, #1272, #499, .T. ) ;
#801 = VECTOR ( 'NONE', #1255, 1000.000000000000000 ) ;
#802 = LINE ( 'NONE', #971, #930 ) ;
#803 = LINE ( 'NONE', #2204, #475 ) ;
#804 = EDGE_LOOP ( 'NONE', ( #1326, #1876, #1508, #709, #1523, #1890 ) ) ;
#805 = VERTEX_POINT ( 'NONE', #817 ) ;
#806 = CARTESIAN_POINT ( 'NONE',  ( 2.499999999999998668, 3.799999999999999378, -4.400000000000001243 ) ) ;
#807 = ORIENTED_EDGE ( 'NONE', *, *, #530, .F. ) ;
#808 = DIRECTION ( 'NONE',  ( 1.000000000000000000, 0.000000000000000000, 0.000000000000000000 ) ) ;
#809 = EDGE_CURVE ( 'NONE', #1277, #855, #1029, .T. ) ;
#810 = ORIENTED_EDGE ( 'NONE', *, *, #1439, .T. ) ;
#811 = LINE ( 'NONE', #1514, #1568 ) ;
#812 = CARTESIAN_POINT ( 'NONE',  ( -4.500000000000000888, 2.099999999999999645, 7.400000000000000355 ) ) ;
#813 = ORIENTED_EDGE ( 'NONE', *, *, #2176, .T. ) ;
#814 = VERTEX_POINT ( 'NONE', #1701 ) ;
#815 = CARTESIAN_POINT ( 'NONE',  ( 6.499999999999999112, 7.799999999999999822, 7.400000000000000355 ) ) ;
#816 = ORIENTED_EDGE ( 'NONE', *, *, #542, .T. ) ;
#817 = CARTESIAN_POINT ( 'NONE',  ( -22.20000000000000639, 13.50000000000000000, 7.400000000000000355 ) ) ;
#818 = ORIENTED_EDGE ( 'NONE', *, *, #1335, .T. ) ;
#819 = CARTESIAN_POINT ( 'NONE',  ( -2.500000000000000444, 12.50000000000000000, 4.399999999999999467 ) ) ;
#820 = CARTESIAN_POINT ( 'NONE',  ( -6.500000000000000888, 2.099999999999999645, 7.400000000000000355 ) ) ;
#821 = VECTOR ( 'NONE', #1246, 1000.000000000000000 ) ;
#822 = EDGE_CURVE ( 'NONE', #1301, #1750, #2221, .T. ) ;
#823 = CARTESIAN_POINT ( 'NONE',  ( -4.500000000000000888, 7.799999999999999822, 7.400000000000000355 ) ) ;
#824 = ORIENTED_EDGE ( 'NONE', *, *, #572, .T. ) ;
#825 = EDGE_LOOP ( 'NONE', ( #195, #1660, #137, #1565 ) ) ;
#826 = VECTOR ( 'NONE', #1515, 1000.000000000000000 ) ;
#827 = DIRECTION ( 'NONE',  ( 0.000000000000000000, 1.000000000000000000, 0.000000000000000000 ) ) ;
#828 = AXIS2_PLACEMENT_3D ( 'NONE', #2139, #1626, #739 ) ;
#829 = VECTOR ( 'NONE', #2031, 1000.000000000000000 ) ;
#830 = ORIENTED_EDGE ( 'NONE', *, *, #1063, .F. ) ;
#831 = LINE ( 'NONE', #354, #794 ) ;
#832 = VERTEX_POINT ( 'NONE', #852 ) ;
#833 = DIRECTION ( 'NONE',  ( 0.000000000000000000, -0.000000000000000000, 1.000000000000000000 ) ) ;
#834 = DIRECTION ( 'NONE',  ( -0.000000000000000000, -0.000000000000000000, 1.000000000000000000 ) ) ;
#835 = VECTOR ( 'NONE', #284, 1000.000000000000000 ) ;
#836 = VECTOR ( 'NONE', #1734, 1000.000000000000000 ) ;
#837 = ORIENTED_EDGE ( 'NONE', *, *, #1364, .F. ) ;
#838 = ORIENTED_EDGE ( 'NONE', *, *, #1858, .T. ) ;
#839 = EDGE_CURVE ( 'NONE', #1696, #1818, #1181, .T. ) ;
#840 = CARTESIAN_POINT ( 'NONE',  ( -32.50000000000000000, 13.50000000000000000, 7.400000000000000355 ) ) ;
#841 = CARTESIAN_POINT ( 'NONE',  ( -4.500000000000000888, 2.099999999999997868, 7.399999999999998579 ) ) ;
#842 = ORIENTED_EDGE ( 'NONE', *, *, #1583, .T. ) ;
#843 = CARTESIAN_POINT ( 'NONE',  ( -23.78843544106869246, 0.000000000000000000, 5.400000000000000355 ) ) ;
#844 = ORIENTED_EDGE ( 'NONE', *, *, #1224, .T. ) ;
#845 = CARTESIAN_POINT ( 'NONE',  ( 2.499999999999998668, 0.000000000000000000, 5.400000000000000355 ) ) ;
#846 = LINE ( 'NONE', #1916, #521 ) ;
#847 = VERTEX_POINT ( 'NONE', #1889 ) ;
#848 = ORIENTED_EDGE ( 'NONE', *, *, #797, .F. ) ;
#849 = CARTESIAN_POINT ( 'NONE',  ( -23.78843544106869246, 0.000000000000000000, 5.400000000000000355 ) ) ;
#850 = ADVANCED_FACE ( 'NONE', ( #320 ), #1002, .T. ) ;
#851 = ORIENTED_EDGE ( 'NONE', *, *, #1477, .F. ) ;
#852 = CARTESIAN_POINT ( 'NONE',  ( -16.50000000000000000, 13.50000000000000000, 4.999999999999997335 ) ) ;
#853 = EDGE_CURVE ( 'NONE', #1718, #1045, #885, .T. ) ;
#854 = ADVANCED_FACE ( 'NONE', ( #865 ), #796, .F. ) ;
#855 = VERTEX_POINT ( 'NONE', #376 ) ;
#856 = DIRECTION ( 'NONE',  ( -1.000000000000000000, -0.000000000000000000, -0.000000000000000000 ) ) ;
#857 = LINE ( 'NONE', #1581, #1495 ) ;
#858 = FACE_OUTER_BOUND ( 'NONE', #1368, .T. ) ;
#859 = EDGE_LOOP ( 'NONE', ( #774, #387, #1883, #1654 ) ) ;
#860 = ORIENTED_EDGE ( 'NONE', *, *, #637, .F. ) ;
#861 = VECTOR ( 'NONE', #1065, 1000.000000000000000 ) ;
#862 = DIRECTION ( 'NONE',  ( -0.000000000000000000, -0.000000000000000000, 1.000000000000000000 ) ) ;
#863 = VERTEX_POINT ( 'NONE', #543 ) ;
#864 = EDGE_CURVE ( 'NONE', #1377, #1744, #397, .T. ) ;
#865 = FACE_OUTER_BOUND ( 'NONE', #859, .T. ) ;
#866 = AXIS2_PLACEMENT_3D ( 'NONE', #1357, #493, #1185 ) ;
#867 = CIRCLE ( 'NONE', #2226, 3.149999999999999911 ) ;
#868 = ORIENTED_EDGE ( 'NONE', *, *, #74, .T. ) ;
#869 = EDGE_CURVE ( 'NONE', #48, #1435, #876, .T. ) ;
#870 = DIRECTION ( 'NONE',  ( 1.000000000000000000, 0.000000000000000000, 0.000000000000000000 ) ) ;
#871 = EDGE_CURVE ( 'NONE', #60, #1531, #1946, .T. ) ;
#872 = DIRECTION ( 'NONE',  ( 1.000000000000000000, 0.000000000000000000, 0.000000000000000000 ) ) ;
#873 = CARTESIAN_POINT ( 'NONE',  ( 2.499999999999998668, 12.50000000000000000, 4.399999999999999467 ) ) ;
#874 = ORIENTED_EDGE ( 'NONE', *, *, #710, .T. ) ;
#875 = LINE ( 'NONE', #552, #2053 ) ;
#876 = LINE ( 'NONE', #1779, #977 ) ;
#877 = ORIENTED_EDGE ( 'NONE', *, *, #1404, .F. ) ;
#878 = CARTESIAN_POINT ( 'NONE',  ( 2.499999999999998668, 7.799999999999999822, -4.400000000000000355 ) ) ;
#879 = LINE ( 'NONE', #1764, #512 ) ;
#880 = EDGE_CURVE ( 'NONE', #477, #2185, #867, .T. ) ;
#881 = CARTESIAN_POINT ( 'NONE',  ( -6.500000000000000888, 15.50000000000000000, 7.400000000000000355 ) ) ;
#882 = PLANE ( 'NONE',  #650 ) ;
#883 = ORIENTED_EDGE ( 'NONE', *, *, #1546, .T. ) ;
#884 = DIRECTION ( 'NONE',  ( 0.000000000000000000, 1.156482317317871528E-15, -1.000000000000000000 ) ) ;
#885 = LINE ( 'NONE', #198, #1202 ) ;
#886 = LINE ( 'NONE', #1600, #1912 ) ;
#887 = EDGE_LOOP ( 'NONE', ( #470, #1675, #491, #791, #1726, #1518, #291, #2228, #2190 ) ) ;
#888 = DIRECTION ( 'NONE',  ( -0.000000000000000000, 1.000000000000000000, -0.000000000000000000 ) ) ;
#889 = LINE ( 'NONE', #1503, #7 ) ;
#890 = DIRECTION ( 'NONE',  ( 0.000000000000000000, 5.782411586589357639E-16, -1.000000000000000000 ) ) ;
#891 = FACE_OUTER_BOUND ( 'NONE', #999, .T. ) ;
#892 = EDGE_CURVE ( 'NONE', #1873, #2210, #35, .T. ) ;
#893 = PRODUCT ( 'IR_Sensor_Holder_D4', 'IR_Sensor_Holder_D4', '', ( #2004 ) ) ;
#894 = ORIENTED_EDGE ( 'NONE', *, *, #1725, .F. ) ;
#895 = ADVANCED_FACE ( 'NONE', ( #187 ), #1622, .F. ) ;
#896 = CARTESIAN_POINT ( 'NONE',  ( -2.500000000000000444, 9.500000000000000000, -4.399999999999997691 ) ) ;
#897 = VECTOR ( 'NONE', #573, 1000.000000000000000 ) ;
#898 = DIRECTION ( 'NONE',  ( 1.000000000000000000, -0.000000000000000000, 0.000000000000000000 ) ) ;
#899 = ORIENTED_EDGE ( 'NONE', *, *, #1026, .T. ) ;
#900 =( LENGTH_UNIT ( ) NAMED_UNIT ( * ) SI_UNIT ( .MILLI., .METRE. ) );
#901 = CARTESIAN_POINT ( 'NONE',  ( -4.500000000000001776, 7.799999999999999822, -4.400000000000000355 ) ) ;
#902 = VECTOR ( 'NONE', #1857, 1000.000000000000000 ) ;
#903 = CARTESIAN_POINT ( 'NONE',  ( -4.500000000000000888, 3.799999999999999378, 7.400000000000000355 ) ) ;
#904 = DIRECTION ( 'NONE',  ( 0.000000000000000000, 0.000000000000000000, -1.000000000000000000 ) ) ;
#905 = VECTOR ( 'NONE', #1468, 1000.000000000000000 ) ;
#906 = ORIENTED_EDGE ( 'NONE', *, *, #1903, .T. ) ;
#907 = FACE_OUTER_BOUND ( 'NONE', #392, .T. ) ;
#908 = EDGE_CURVE ( 'NONE', #1484, #2210, #413, .T. ) ;
#909 = VECTOR ( 'NONE', #14, 1000.000000000000000 ) ;
#910 = CARTESIAN_POINT ( 'NONE',  ( -4.500000000000000888, 0.000000000000000000, 5.400000000000000355 ) ) ;
#911 = ORIENTED_EDGE ( 'NONE', *, *, #871, .T. ) ;
#912 = APPROVAL_ROLE ( '' ) ;
#913 = PLANE ( 'NONE',  #828 ) ;
#914 = DIRECTION ( 'NONE',  ( -0.000000000000000000, 5.782411586589356653E-16, -1.000000000000000000 ) ) ;
#915 = PLANE ( 'NONE',  #724 ) ;
#916 = ORIENTED_EDGE ( 'NONE', *, *, #1687, .T. ) ;
#917 = CARTESIAN_POINT ( 'NONE',  ( -23.78843544106869246, 3.799999999999999822, -5.400000000000000355 ) ) ;
#918 = EDGE_LOOP ( 'NONE', ( #1198, #899, #1146, #976, #730, #1652, #2095, #1601 ) ) ;
#919 = LINE ( 'NONE', #69, #585 ) ;
#920 = ADVANCED_FACE ( 'NONE', ( #58 ), #2124, .F. ) ;
#921 = VERTEX_POINT ( 'NONE', #1413 ) ;
#922 = APPROVAL_ROLE ( '' ) ;
#923 = DIRECTION ( 'NONE',  ( -0.000000000000000000, 1.000000000000000000, 1.445602896647339410E-16 ) ) ;
#924 = ADVANCED_FACE ( 'NONE', ( #556 ), #2112, .T. ) ;
#925 = DIRECTION ( 'NONE',  ( 0.000000000000000000, -0.000000000000000000, 1.000000000000000000 ) ) ;
#926 = CARTESIAN_POINT ( 'NONE',  ( -6.500000000000000888, 7.799999999999999822, -7.400000000000000355 ) ) ;
#927 = EDGE_LOOP ( 'NONE', ( #848, #143, #868, #1320 ) ) ;
#928 = CARTESIAN_POINT ( 'NONE',  ( 2.499999999999998668, 12.50000000000000000, -4.400000000000000355 ) ) ;
#929 = VERTEX_POINT ( 'NONE', #1083 ) ;
#930 = VECTOR ( 'NONE', #1369, 1000.000000000000000 ) ;
#931 = CARTESIAN_POINT ( 'NONE',  ( -6.500000000000000888, -3.673940397442061840E-16, -4.399999999999999467 ) ) ;
#932 = VECTOR ( 'NONE', #2106, 1000.000000000000000 ) ;
#933 = ORIENTED_EDGE ( 'NONE', *, *, #1584, .T. ) ;
#934 = PERSON_AND_ORGANIZATION ( #1598, #1274 ) ;
#935 = CARTESIAN_POINT ( 'NONE',  ( -24.20000000000000639, 11.50000000000000000, -7.400000000000000355 ) ) ;
#936 = EDGE_CURVE ( 'NONE', #1905, #1635, #1254, .T. ) ;
#937 = CARTESIAN_POINT ( 'NONE',  ( 6.499999999999999112, 2.099999999999999645, -7.400000000000000355 ) ) ;
#938 = DIRECTION ( 'NONE',  ( -0.000000000000000000, -1.000000000000000000, -0.000000000000000000 ) ) ;
#939 = VECTOR ( 'NONE', #992, 1000.000000000000000 ) ;
#940 = VERTEX_POINT ( 'NONE', #386 ) ;
#941 = LINE ( 'NONE', #250, #1841 ) ;
#942 = CARTESIAN_POINT ( 'NONE',  ( 6.499999999999999112, 9.500000000000000000, -7.400000000000000355 ) ) ;
#943 = DIRECTION ( 'NONE',  ( -0.000000000000000000, -1.000000000000000000, -0.000000000000000000 ) ) ;
#944 = VECTOR ( 'NONE', #34, 1000.000000000000000 ) ;
#945 = EDGE_LOOP ( 'NONE', ( #1177, #1716, #1496, #661, #1935, #911, #2142, #993, #2056, #1559, #135, #1292 ) ) ;
#946 = FACE_OUTER_BOUND ( 'NONE', #927, .T. ) ;
#947 = DIRECTION ( 'NONE',  ( 0.000000000000000000, -0.000000000000000000, -1.000000000000000000 ) ) ;
#948 = EDGE_CURVE ( 'NONE', #1953, #643, #1074, .T. ) ;
#949 = LINE ( 'NONE', #237, #361 ) ;
#950 = CARTESIAN_POINT ( 'NONE',  ( 2.499999999999998668, 2.099999999999999645, 7.400000000000000355 ) ) ;
#951 = APPROVAL ( #1969, 'UNSPECIFIED' ) ;
#952 = EDGE_CURVE ( 'NONE', #282, #1490, #704, .T. ) ;
#953 = EDGE_LOOP ( 'NONE', ( #2030, #2240, #2113, #2110 ) ) ;
#954 = FACE_OUTER_BOUND ( 'NONE', #945, .T. ) ;
#955 = EDGE_CURVE ( 'NONE', #805, #964, #2144, .T. ) ;
#956 = CARTESIAN_POINT ( 'NONE',  ( -16.50000000000000000, 0.000000000000000000, 4.999999999999997335 ) ) ;
#957 = DIRECTION ( 'NONE',  ( 0.000000000000000000, -1.000000000000000000, 0.000000000000000000 ) ) ;
#958 = ORIENTED_EDGE ( 'NONE', *, *, #542, .F. ) ;
#959 = DIRECTION ( 'NONE',  ( 0.000000000000000000, 0.000000000000000000, -1.000000000000000000 ) ) ;
#960 = LINE ( 'NONE', #2213, #685 ) ;
#961 = PLANE ( 'NONE',  #1830 ) ;
#962 = EDGE_LOOP ( 'NONE', ( #209, #450, #2132, #621, #1402, #91, #1346, #1683 ) ) ;
#963 = CARTESIAN_POINT ( 'NONE',  ( -2.500000000000000444, 0.000000000000000000, -7.400000000000000355 ) ) ;
#964 = VERTEX_POINT ( 'NONE', #1403 ) ;
#965 = EDGE_CURVE ( 'NONE', #533, #1405, #2104, .T. ) ;
#966 = DIRECTION ( 'NONE',  ( 0.000000000000000000, 0.000000000000000000, -1.000000000000000000 ) ) ;
#967 = LINE ( 'NONE', #608, #620 ) ;
#968 = ORIENTED_EDGE ( 'NONE', *, *, #609, .F. ) ;
#969 = COORDINATED_UNIVERSAL_TIME_OFFSET ( 1, 0, .AHEAD. ) ;
#970 = LINE ( 'NONE', #435, #548 ) ;
#971 = CARTESIAN_POINT ( 'NONE',  ( -24.20000000000000639, 13.50000000000000000, 7.400000000000000355 ) ) ;
#972 = LINE ( 'NONE', #118, #2044 ) ;
#973 = VECTOR ( 'NONE', #1962, 1000.000000000000000 ) ;
#974 = ORIENTED_EDGE ( 'NONE', *, *, #1674, .F. ) ;
#975 = VECTOR ( 'NONE', #527, 1000.000000000000000 ) ;
#976 = ORIENTED_EDGE ( 'NONE', *, *, #853, .T. ) ;
#977 = VECTOR ( 'NONE', #898, 1000.000000000000000 ) ;
#978 = DIRECTION ( 'NONE',  ( 0.000000000000000000, 0.000000000000000000, -1.000000000000000000 ) ) ;
#979 = VECTOR ( 'NONE', #1551, 1000.000000000000000 ) ;
#980 = EDGE_CURVE ( 'NONE', #1744, #1905, #1050, .T. ) ;
#981 = VERTEX_POINT ( 'NONE', #241 ) ;
#982 = DIRECTION ( 'NONE',  ( 0.000000000000000000, 0.000000000000000000, 1.000000000000000000 ) ) ;
#983 = AXIS2_PLACEMENT_3D ( 'NONE', #779, #422, #772 ) ;
#984 = DIRECTION ( 'NONE',  ( -1.000000000000000000, 0.000000000000000000, 0.000000000000000000 ) ) ;
#985 = DIRECTION ( 'NONE',  ( -0.000000000000000000, -1.000000000000000000, -0.000000000000000000 ) ) ;
#986 = DIRECTION ( 'NONE',  ( -0.000000000000000000, -0.000000000000000000, 1.000000000000000000 ) ) ;
#987 = VERTEX_POINT ( 'NONE', #2167 ) ;
#988 = ORIENTED_EDGE ( 'NONE', *, *, #350, .T. ) ;
#989 = FACE_OUTER_BOUND ( 'NONE', #110, .T. ) ;
#990 = EDGE_LOOP ( 'NONE', ( #461, #1014, #1562, #540 ) ) ;
#991 = EDGE_CURVE ( 'NONE', #1560, #142, #1318, .T. ) ;
#992 = DIRECTION ( 'NONE',  ( -0.000000000000000000, -0.000000000000000000, 1.000000000000000000 ) ) ;
#993 = ORIENTED_EDGE ( 'NONE', *, *, #936, .T. ) ;
#994 = EDGE_CURVE ( 'NONE', #1750, #1003, #463, .T. ) ;
#995 = CARTESIAN_POINT ( 'NONE',  ( 6.499999999999999112, 7.799999999999999822, -4.400000000000000355 ) ) ;
#996 = FACE_BOUND ( 'NONE', #1007, .T. ) ;
#997 = PLANE ( 'NONE',  #2094 ) ;
#998 = ORIENTED_EDGE ( 'NONE', *, *, #389, .F. ) ;
#999 = EDGE_LOOP ( 'NONE', ( #1941, #810, #1553, #1645, #2024, #1016, #128, #1988, #599, #349, #19, #780, #2059, #316 ) ) ;
#1000 = FACE_OUTER_BOUND ( 'NONE', #1034, .T. ) ;
#1001 = ORIENTED_EDGE ( 'NONE', *, *, #627, .T. ) ;
#1002 = PLANE ( 'NONE',  #2016 ) ;
#1003 = VERTEX_POINT ( 'NONE', #264 ) ;
#1004 = LINE ( 'NONE', #1154, #787 ) ;
#1005 = CARTESIAN_POINT ( 'NONE',  ( -22.20000000000000284, 11.50000000000000000, 7.400000000000000355 ) ) ;
#1006 = EDGE_CURVE ( 'NONE', #2013, #79, #1634, .T. ) ;
#1007 = EDGE_LOOP ( 'NONE', ( #742, #24 ) ) ;
#1008 = EDGE_LOOP ( 'NONE', ( #484, #1186, #1172, #452 ) ) ;
#1009 = EDGE_CURVE ( 'NONE', #1256, #940, #2178, .T. ) ;
#1010 = CARTESIAN_POINT ( 'NONE',  ( 2.499999999999998668, 2.099999999999999645, 5.400000000000000355 ) ) ;
#1011 = VECTOR ( 'NONE', #1417, 1000.000000000000000 ) ;
#1012 = APPLICATION_CONTEXT ( 'configuration controlled 3d designs of mechanical parts and assemblies' ) ;
#1013 = VECTOR ( 'NONE', #1589, 1000.000000000000000 ) ;
#1014 = ORIENTED_EDGE ( 'NONE', *, *, #1394, .T. ) ;
#1015 = CARTESIAN_POINT ( 'NONE',  ( -23.78843544106869246, 2.099999999999999645, 5.400000000000000355 ) ) ;
#1016 = ORIENTED_EDGE ( 'NONE', *, *, #4, .F. ) ;
#1017 = CARTESIAN_POINT ( 'NONE',  ( -6.500000000000000888, 7.799999999999999822, -7.400000000000000355 ) ) ;
#1018 = CARTESIAN_POINT ( 'NONE',  ( -16.50000000000000000, 0.000000000000000000, -4.999999999999997335 ) ) ;
#1019 = AXIS2_PLACEMENT_3D ( 'NONE', #1758, #1588, #25 ) ;
#1020 = AXIS2_PLACEMENT_3D ( 'NONE', #1345, #1530, #1548 ) ;
#1021 = DIRECTION ( 'NONE',  ( 1.000000000000000000, -0.000000000000000000, 0.000000000000000000 ) ) ;
#1022 = EDGE_LOOP ( 'NONE', ( #1229, #1215, #81, #1555 ) ) ;
#1023 = EDGE_CURVE ( 'NONE', #711, #108, #1122, .T. ) ;
#1024 = ORIENTED_EDGE ( 'NONE', *, *, #1611, .T. ) ;
#1025 = DIRECTION ( 'NONE',  ( 0.000000000000000000, 0.000000000000000000, 1.000000000000000000 ) ) ;
#1026 = EDGE_CURVE ( 'NONE', #689, #292, #967, .T. ) ;
#1027 = DIRECTION ( 'NONE',  ( 0.000000000000000000, -4.130293990420970869E-16, -1.000000000000000000 ) ) ;
#1028 = ORIENTED_EDGE ( 'NONE', *, *, #1023, .T. ) ;
#1029 = LINE ( 'NONE', #1738, #1720 ) ;
#1030 = ORIENTED_EDGE ( 'NONE', *, *, #2152, .F. ) ;
#1031 = FACE_OUTER_BOUND ( 'NONE', #1372, .T. ) ;
#1032 = CARTESIAN_POINT ( 'NONE',  ( 2.499999999999998668, 3.799999999999999378, 4.399999999999998579 ) ) ;
#1033 = ORIENTED_EDGE ( 'NONE', *, *, #446, .F. ) ;
#1034 = EDGE_LOOP ( 'NONE', ( #844, #1189, #2197, #842 ) ) ;
#1035 = DIRECTION ( 'NONE',  ( 0.000000000000000000, -1.000000000000000000, 0.000000000000000000 ) ) ;
#1036 = CC_DESIGN_PERSON_AND_ORGANIZATION_ASSIGNMENT ( #560, #1470, ( #893 ) ) ;
#1037 = ADVANCED_FACE ( 'NONE', ( #442 ), #1655, .T. ) ;
#1038 = ORIENTED_EDGE ( 'NONE', *, *, #2075, .F. ) ;
#1039 = CARTESIAN_POINT ( 'NONE',  ( -2.500000000000000444, 3.799999999999999378, 4.399999999999998579 ) ) ;
#1040 = ORIENTED_EDGE ( 'NONE', *, *, #487, .F. ) ;
#1041 = DIRECTION ( 'NONE',  ( 1.000000000000000000, 0.000000000000000000, 0.000000000000000000 ) ) ;
#1042 = CARTESIAN_POINT ( 'NONE',  ( -22.20000000000000284, 13.50000000000000000, 7.400000000000000355 ) ) ;
#1043 = LINE ( 'NONE', #1742, #1319 ) ;
#1044 = ORIENTED_EDGE ( 'NONE', *, *, #253, .T. ) ;
#1045 = VERTEX_POINT ( 'NONE', #1478 ) ;
#1046 = VECTOR ( 'NONE', #546, 1000.000000000000000 ) ;
#1047 = DIRECTION ( 'NONE',  ( 0.000000000000000000, -1.000000000000000000, 0.000000000000000000 ) ) ;
#1048 = CARTESIAN_POINT ( 'NONE',  ( -2.500000000000002220, 9.500000000000000000, -5.400000000000000355 ) ) ;
#1049 = VECTOR ( 'NONE', #31, 1000.000000000000000 ) ;
#1050 = LINE ( 'NONE', #1150, #1759 ) ;
#1051 = AXIS2_PLACEMENT_3D ( 'NONE', #1380, #1207, #347 ) ;
#1052 = EDGE_CURVE ( 'NONE', #929, #488, #919, .T. ) ;
#1053 = VECTOR ( 'NONE', #2156, 1000.000000000000000 ) ;
#1054 = ORIENTED_EDGE ( 'NONE', *, *, #228, .T. ) ;
#1055 = LINE ( 'NONE', #715, #1046 ) ;
#1056 = DIRECTION ( 'NONE',  ( 0.000000000000000000, 1.000000000000000000, 0.000000000000000000 ) ) ;
#1057 = PLANE ( 'NONE',  #576 ) ;
#1058 = EDGE_LOOP ( 'NONE', ( #163, #1894, #1164, #315 ) ) ;
#1059 = ORIENTED_EDGE ( 'NONE', *, *, #1404, .T. ) ;
#1060 = VECTOR ( 'NONE', #2133, 1000.000000000000000 ) ;
#1061 = PLANE ( 'NONE',  #46 ) ;
#1062 = DIRECTION ( 'NONE',  ( 0.000000000000000000, 0.000000000000000000, 1.000000000000000000 ) ) ;
#1063 = EDGE_CURVE ( 'NONE', #1365, #2164, #1488, .T. ) ;
#1064 = ORIENTED_EDGE ( 'NONE', *, *, #839, .T. ) ;
#1065 = DIRECTION ( 'NONE',  ( -0.000000000000000000, -0.000000000000000000, 1.000000000000000000 ) ) ;
#1066 = FACE_OUTER_BOUND ( 'NONE', #1922, .T. ) ;
#1067 = EDGE_CURVE ( 'NONE', #1859, #1917, #632, .T. ) ;
#1068 = EDGE_CURVE ( 'NONE', #48, #488, #1673, .T. ) ;
#1069 = CARTESIAN_POINT ( 'NONE',  ( -32.50000000000000000, 13.50000000000000000, -7.400000000000000355 ) ) ;
#1070 = ORIENTED_EDGE ( 'NONE', *, *, #2055, .F. ) ;
#1071 = CARTESIAN_POINT ( 'NONE',  ( -6.500000000000000888, 3.799999999999999378, 7.400000000000000355 ) ) ;
#1072 = DIRECTION ( 'NONE',  ( 0.000000000000000000, -1.000000000000000000, 0.000000000000000000 ) ) ;
#1073 = EDGE_CURVE ( 'NONE', #2251, #120, #1991, .T. ) ;
#1074 = LINE ( 'NONE', #2134, #408 ) ;
#1075 = ORIENTED_EDGE ( 'NONE', *, *, #393, .F. ) ;
#1076 = LINE ( 'NONE', #766, #1642 ) ;
#1077 = CARTESIAN_POINT ( 'NONE',  ( 6.499999999999999112, 3.799999999999999378, 4.399999999999998579 ) ) ;
#1078 = DIRECTION ( 'NONE',  ( -1.000000000000000000, -0.000000000000000000, -0.000000000000000000 ) ) ;
#1079 = FACE_OUTER_BOUND ( 'NONE', #483, .T. ) ;
#1080 = EDGE_CURVE ( 'NONE', #1124, #429, #2199, .T. ) ;
#1081 = EDGE_LOOP ( 'NONE', ( #700, #2127, #1711, #1070 ) ) ;
#1082 = PLANE ( 'NONE',  #1098 ) ;
#1083 = CARTESIAN_POINT ( 'NONE',  ( -6.500000000000000888, 7.799999999999999822, -4.400000000000000355 ) ) ;
#1084 = VECTOR ( 'NONE', #1118, 1000.000000000000000 ) ;
#1085 = CC_DESIGN_PERSON_AND_ORGANIZATION_ASSIGNMENT ( #934, #1180, ( #281 ) ) ;
#1086 = AXIS2_PLACEMENT_3D ( 'NONE', #139, #179, #1370 ) ;
#1087 = DIRECTION ( 'NONE',  ( 0.000000000000000000, 0.000000000000000000, -1.000000000000000000 ) ) ;
#1088 = EDGE_LOOP ( 'NONE', ( #286, #2227, #2216, #2101, #974, #525, #331, #1543 ) ) ;
#1089 = DIRECTION ( 'NONE',  ( 0.000000000000000000, 0.000000000000000000, 1.000000000000000000 ) ) ;
#1090 = DIRECTION ( 'NONE',  ( 0.000000000000000000, -4.130293990420970869E-16, -1.000000000000000000 ) ) ;
#1091 = AXIS2_PLACEMENT_3D ( 'NONE', #1554, #1376, #1 ) ;
#1092 = LINE ( 'NONE', #776, #897 ) ;
#1093 = CARTESIAN_POINT ( 'NONE',  ( -16.50000000000000000, 15.50000000000000000, -1.925929944387235853E-31 ) ) ;
#1094 = AXIS2_PLACEMENT_3D ( 'NONE', #773, #978, #2219 ) ;
#1095 = EDGE_CURVE ( 'NONE', #500, #1550, #423, .T. ) ;
#1096 = ORIENTED_EDGE ( 'NONE', *, *, #1903, .F. ) ;
#1097 = LINE ( 'NONE', #917, #1542 ) ;
#1098 = AXIS2_PLACEMENT_3D ( 'NONE', #207, #396, #1921 ) ;
#1099 = EDGE_CURVE ( 'NONE', #1193, #312, #251, .T. ) ;
#1100 = VECTOR ( 'NONE', #1573, 1000.000000000000000 ) ;
#1101 = EDGE_CURVE ( 'NONE', #433, #1808, #2023, .T. ) ;
#1102 = ADVANCED_FACE ( 'NONE', ( #1295 ), #795, .T. ) ;
#1103 = DIRECTION ( 'NONE',  ( 0.000000000000000000, -1.000000000000000000, -5.782411586589357639E-16 ) ) ;
#1104 = ORIENTED_EDGE ( 'NONE', *, *, #1965, .T. ) ;
#1105 = DIRECTION ( 'NONE',  ( 1.000000000000000000, 0.000000000000000000, 0.000000000000000000 ) ) ;
#1106 = CARTESIAN_POINT ( 'NONE',  ( 6.499999999999999112, 15.50000000000000000, -7.400000000000000355 ) ) ;
#1107 = DIRECTION ( 'NONE',  ( -0.000000000000000000, 1.000000000000000000, -0.000000000000000000 ) ) ;
#1108 = PLANE ( 'NONE',  #1715 ) ;
#1109 = ORIENTED_EDGE ( 'NONE', *, *, #597, .F. ) ;
#1110 = DIRECTION ( 'NONE',  ( -1.000000000000000000, 0.000000000000000000, 0.000000000000000000 ) ) ;
#1111 = CARTESIAN_POINT ( 'NONE',  ( -6.500000000000000888, 0.000000000000000000, 7.400000000000000355 ) ) ;
#1112 = APPROVAL_PERSON_ORGANIZATION ( #1983, #1670, #922 ) ;
#1113 = ADVANCED_FACE ( 'NONE', ( #2001 ), #1829, .T. ) ;
#1114 = VERTEX_POINT ( 'NONE', #1561 ) ;
#1115 = CALENDAR_DATE ( 2026, 5, 5 ) ;
#1116 = LINE ( 'NONE', #1491, #1244 ) ;
#1117 = CARTESIAN_POINT ( 'NONE',  ( -6.500000000000000888, 7.799999999999999822, 7.400000000000000355 ) ) ;
#1118 = DIRECTION ( 'NONE',  ( 0.000000000000000000, 0.000000000000000000, -1.000000000000000000 ) ) ;
#1119 = ORIENTED_EDGE ( 'NONE', *, *, #1792, .T. ) ;
#1120 = DIRECTION ( 'NONE',  ( 0.000000000000000000, 0.000000000000000000, 1.000000000000000000 ) ) ;
#1121 = VECTOR ( 'NONE', #1836, 1000.000000000000000 ) ;
#1122 = LINE ( 'NONE', #1327, #1280 ) ;
#1123 = VECTOR ( 'NONE', #2080, 1000.000000000000000 ) ;
#1124 = VERTEX_POINT ( 'NONE', #1686 ) ;
#1125 = EDGE_CURVE ( 'NONE', #2051, #1700, #134, .T. ) ;
#1126 = DATE_AND_TIME ( #580, #1263 ) ;
#1127 = PLANE ( 'NONE',  #2157 ) ;
#1128 = VECTOR ( 'NONE', #1870, 1000.000000000000000 ) ;
#1129 = LINE ( 'NONE', #427, #506 ) ;
#1130 = DIRECTION ( 'NONE',  ( -0.000000000000000000, 0.000000000000000000, 1.000000000000000000 ) ) ;
#1131 = VECTOR ( 'NONE', #1592, 1000.000000000000000 ) ;
#1132 = VECTOR ( 'NONE', #1456, 1000.000000000000000 ) ;
#1133 = ORIENTED_EDGE ( 'NONE', *, *, #1285, .F. ) ;
#1134 = CARTESIAN_POINT ( 'NONE',  ( -2.500000000000000444, 12.50000000000000000, -7.400000000000000355 ) ) ;
#1135 = VERTEX_POINT ( 'NONE', #2253 ) ;
#1136 = VECTOR ( 'NONE', #587, 1000.000000000000000 ) ;
#1137 = DIRECTION ( 'NONE',  ( -0.000000000000000000, -0.000000000000000000, 1.000000000000000000 ) ) ;
#1138 = VECTOR ( 'NONE', #172, 1000.000000000000000 ) ;
#1139 = VERTEX_POINT ( 'NONE', #1010 ) ;
#1140 = SECURITY_CLASSIFICATION_LEVEL ( 'unclassified' ) ;
#1141 = DIRECTION ( 'NONE',  ( 1.000000000000000000, -0.000000000000000000, -0.000000000000000000 ) ) ;
#1142 = EDGE_CURVE ( 'NONE', #1420, #2251, #330, .T. ) ;
#1143 = LINE ( 'NONE', #1331, #107 ) ;
#1144 = LINE ( 'NONE', #1667, #1128 ) ;
#1145 = EDGE_CURVE ( 'NONE', #1747, #142, #486, .T. ) ;
#1146 = ORIENTED_EDGE ( 'NONE', *, *, #490, .T. ) ;
#1147 = DIRECTION ( 'NONE',  ( 0.000000000000000000, 1.000000000000000000, 0.000000000000000000 ) ) ;
#1148 = EDGE_LOOP ( 'NONE', ( #1038, #1590, #1913, #175 ) ) ;
#1149 = FACE_OUTER_BOUND ( 'NONE', #953, .T. ) ;
#1150 = CARTESIAN_POINT ( 'NONE',  ( -23.78843544106869246, 9.500000000000000000, 5.400000000000000355 ) ) ;
#1151 = ORIENTED_EDGE ( 'NONE', *, *, #1052, .T. ) ;
#1152 = CC_DESIGN_APPROVAL ( #1447, ( #1631 ) ) ;
#1153 = CARTESIAN_POINT ( 'NONE',  ( -6.500000000000000888, 9.500000000000000000, -4.400000000000000355 ) ) ;
#1154 = CARTESIAN_POINT ( 'NONE',  ( -6.500000000000000888, 7.799999999999999822, 4.399999999999998579 ) ) ;
#1155 = CARTESIAN_POINT ( 'NONE',  ( -28.50000000000000355, 13.94999999999999751, 0.000000000000000000 ) ) ;
#1156 = VERTEX_POINT ( 'NONE', #664 ) ;
#1157 = DIRECTION ( 'NONE',  ( 0.000000000000000000, -0.000000000000000000, 1.000000000000000000 ) ) ;
#1158 = VERTEX_POINT ( 'NONE', #806 ) ;
#1159 = LINE ( 'NONE', #1665, #1613 ) ;
#1160 = VECTOR ( 'NONE', #480, 1000.000000000000000 ) ;
#1161 = CARTESIAN_POINT ( 'NONE',  ( 6.499999999999999112, 15.50000000000000000, 7.400000000000000355 ) ) ;
#1162 = DIRECTION ( 'NONE',  ( 1.000000000000000000, 0.000000000000000000, -0.000000000000000000 ) ) ;
#1163 = ORIENTED_EDGE ( 'NONE', *, *, #1309, .F. ) ;
#1164 = ORIENTED_EDGE ( 'NONE', *, *, #1006, .F. ) ;
#1165 = VECTOR ( 'NONE', #959, 1000.000000000000000 ) ;
#1166 = LINE ( 'NONE', #1199, #2129 ) ;
#1167 = CARTESIAN_POINT ( 'NONE',  ( 6.499999999999999112, 0.000000000000000000, 7.400000000000000355 ) ) ;
#1168 = ADVANCED_FACE ( 'NONE', ( #989 ), #1362, .F. ) ;
#1169 = ORIENTED_EDGE ( 'NONE', *, *, #460, .T. ) ;
#1170 = DIRECTION ( 'NONE',  ( 0.000000000000000000, 0.000000000000000000, -1.000000000000000000 ) ) ;
#1171 = AXIS2_PLACEMENT_3D ( 'NONE', #2074, #2231, #1908 ) ;
#1172 = ORIENTED_EDGE ( 'NONE', *, *, #1101, .F. ) ;
#1173 = PLANE ( 'NONE',  #1236 ) ;
#1174 = DIRECTION ( 'NONE',  ( 0.000000000000000000, 1.000000000000000000, -0.000000000000000000 ) ) ;
#1175 = DIRECTION ( 'NONE',  ( 0.000000000000000000, 0.000000000000000000, -1.000000000000000000 ) ) ;
#1176 = VERTEX_POINT ( 'NONE', #1167 ) ;
#1177 = ORIENTED_EDGE ( 'NONE', *, *, #59, .T. ) ;
#1178 = CARTESIAN_POINT ( 'NONE',  ( 2.499999999999998668, 0.000000000000000000, -7.400000000000000355 ) ) ;
#1179 = ORIENTED_EDGE ( 'NONE', *, *, #2100, .F. ) ;
#1180 = PERSON_AND_ORGANIZATION_ROLE ( 'design_supplier' ) ;
#1181 = LINE ( 'NONE', #655, #1795 ) ;
#1182 = EDGE_CURVE ( 'NONE', #1266, #153, #1885, .T. ) ;
#1183 = VERTEX_POINT ( 'NONE', #1874 ) ;
#1184 = CARTESIAN_POINT ( 'NONE',  ( -6.500000000000000888, 7.799999999999999822, 4.399999999999998579 ) ) ;
#1185 = DIRECTION ( 'NONE',  ( -1.000000000000000000, 0.000000000000000000, -0.000000000000000000 ) ) ;
#1186 = ORIENTED_EDGE ( 'NONE', *, *, #1195, .T. ) ;
#1187 = ORIENTED_EDGE ( 'NONE', *, *, #710, .F. ) ;
#1188 = CARTESIAN_POINT ( 'NONE',  ( -4.500000000000000888, 9.499999999999998224, 7.399999999999993250 ) ) ;
#1189 = ORIENTED_EDGE ( 'NONE', *, *, #2165, .T. ) ;
#1190 = CARTESIAN_POINT ( 'NONE',  ( -6.500000000000000888, 3.799999999999999378, -4.400000000000000355 ) ) ;
#1191 = CC_DESIGN_PERSON_AND_ORGANIZATION_ASSIGNMENT ( #1809, #2169, ( #1819 ) ) ;
#1192 = EDGE_CURVE ( 'NONE', #1744, #1859, #1864, .T. ) ;
#1193 = VERTEX_POINT ( 'NONE', #1721 ) ;
#1194 = PLANE ( 'NONE',  #1421 ) ;
#1195 = EDGE_CURVE ( 'NONE', #987, #1808, #307, .T. ) ;
#1196 = CARTESIAN_POINT ( 'NONE',  ( 2.499999999999998668, 0.000000000000000000, -7.400000000000000355 ) ) ;
#1197 = ORIENTED_EDGE ( 'NONE', *, *, #2237, .T. ) ;
#1198 = ORIENTED_EDGE ( 'NONE', *, *, #283, .F. ) ;
#1199 = CARTESIAN_POINT ( 'NONE',  ( -6.500000000000000888, 0.000000000000000000, 4.399999999999999467 ) ) ;
#1200 = LINE ( 'NONE', #162, #1582 ) ;
#1201 = VECTOR ( 'NONE', #1259, 1000.000000000000000 ) ;
#1202 = VECTOR ( 'NONE', #217, 1000.000000000000000 ) ;
#1203 = ORIENTED_EDGE ( 'NONE', *, *, #597, .T. ) ;
#1204 = LINE ( 'NONE', #1911, #265 ) ;
#1205 = EDGE_LOOP ( 'NONE', ( #1222, #1409, #683, #133 ) ) ;
#1206 = DIRECTION ( 'NONE',  ( 0.000000000000000000, 1.000000000000000000, 0.000000000000000000 ) ) ;
#1207 = DIRECTION ( 'NONE',  ( -0.000000000000000000, 4.130293990420970869E-16, 1.000000000000000000 ) ) ;
#1208 = VECTOR ( 'NONE', #872, 1000.000000000000000 ) ;
#1209 = FACE_OUTER_BOUND ( 'NONE', #1730, .T. ) ;
#1210 = EDGE_LOOP ( 'NONE', ( #2050, #2029, #860, #193, #793, #2032, #2072, #1886, #1075 ) ) ;
#1211 = ADVANCED_FACE ( 'NONE', ( #1000 ), #1708, .F. ) ;
#1212 = ORIENTED_EDGE ( 'NONE', *, *, #1611, .F. ) ;
#1213 = CARTESIAN_POINT ( 'NONE',  ( 2.499999999999998668, 2.099999999999999645, 4.399999999999998579 ) ) ;
#1214 = LINE ( 'NONE', #1610, #2091 ) ;
#1215 = ORIENTED_EDGE ( 'NONE', *, *, #892, .F. ) ;
#1216 = PLANE ( 'NONE',  #2193 ) ;
#1217 = ORIENTED_EDGE ( 'NONE', *, *, #1322, .T. ) ;
#1218 = LINE ( 'NONE', #1556, #821 ) ;
#1219 = DIRECTION ( 'NONE',  ( -0.000000000000000000, 1.000000000000000000, -0.000000000000000000 ) ) ;
#1220 = CARTESIAN_POINT ( 'NONE',  ( -4.500000000000001776, 3.799999999999999378, -4.400000000000000355 ) ) ;
#1221 = ORIENTED_EDGE ( 'NONE', *, *, #965, .T. ) ;
#1222 = ORIENTED_EDGE ( 'NONE', *, *, #1182, .F. ) ;
#1223 = ADVANCED_FACE ( 'NONE', ( #1520 ), #295, .F. ) ;
#1224 = EDGE_CURVE ( 'NONE', #1700, #2220, #640, .T. ) ;
#1225 = EDGE_CURVE ( 'NONE', #1747, #359, #2054, .T. ) ;
#1226 = DIRECTION ( 'NONE',  ( 0.000000000000000000, -0.000000000000000000, -1.000000000000000000 ) ) ;
#1227 = ORIENTED_EDGE ( 'NONE', *, *, #1817, .T. ) ;
#1228 = DIRECTION ( 'NONE',  ( -1.000000000000000000, 0.000000000000000000, 0.000000000000000000 ) ) ;
#1229 = ORIENTED_EDGE ( 'NONE', *, *, #908, .T. ) ;
#1230 = LINE ( 'NONE', #1580, #861 ) ;
#1231 = CARTESIAN_POINT ( 'NONE',  ( -6.500000000000000888, 13.50000000000000000, -7.400000000000000355 ) ) ;
#1232 = VECTOR ( 'NONE', #1961, 1000.000000000000000 ) ;
#1233 = CARTESIAN_POINT ( 'NONE',  ( 2.499999999999998668, 0.000000000000000000, -7.400000000000000355 ) ) ;
#1234 = ORIENTED_EDGE ( 'NONE', *, *, #1350, .T. ) ;
#1235 = ORIENTED_EDGE ( 'NONE', *, *, #2002, .T. ) ;
#1236 = AXIS2_PLACEMENT_3D ( 'NONE', #1679, #2035, #1505 ) ;
#1237 = CARTESIAN_POINT ( 'NONE',  ( -24.20000000000000639, 11.50000000000000000, 7.400000000000000355 ) ) ;
#1238 = DIRECTION ( 'NONE',  ( 0.000000000000000000, 5.782411586589357639E-16, -1.000000000000000000 ) ) ;
#1239 = EDGE_CURVE ( 'NONE', #1635, #1963, #1200, .T. ) ;
#1240 = VECTOR ( 'NONE', #550, 1000.000000000000000 ) ;
#1241 = EDGE_CURVE ( 'NONE', #1808, #1272, #2040, .T. ) ;
#1242 = DIRECTION ( 'NONE',  ( 0.000000000000000000, 5.782411586589357639E-16, -1.000000000000000000 ) ) ;
#1243 = VECTOR ( 'NONE', #300, 1000.000000000000000 ) ;
#1244 = VECTOR ( 'NONE', #1821, 1000.000000000000000 ) ;
#1245 = ORIENTED_EDGE ( 'NONE', *, *, #1792, .F. ) ;
#1246 = DIRECTION ( 'NONE',  ( 1.000000000000000000, 0.000000000000000000, 0.000000000000000000 ) ) ;
#1247 = CARTESIAN_POINT ( 'NONE',  ( -6.500000000000000888, 2.099999999999999645, 4.399999999999998579 ) ) ;
#1248 = EDGE_CURVE ( 'NONE', #1844, #1549, #1985, .T. ) ;
#1249 = AXIS2_PLACEMENT_3D ( 'NONE', #342, #1027, #2102 ) ;
#1250 = DIRECTION ( 'NONE',  ( 1.000000000000000000, 0.000000000000000000, 0.000000000000000000 ) ) ;
#1251 = CARTESIAN_POINT ( 'NONE',  ( -23.78843544106869246, 13.50000000000000000, 5.400000000000000355 ) ) ;
#1252 = EDGE_LOOP ( 'NONE', ( #2153, #2105, #703, #2218 ) ) ;
#1253 = CARTESIAN_POINT ( 'NONE',  ( -4.500000000000000888, 7.799999999999999822, 5.400000000000000355 ) ) ;
#1254 = LINE ( 'NONE', #1955, #1794 ) ;
#1255 = DIRECTION ( 'NONE',  ( -0.000000000000000000, 1.000000000000000000, -0.000000000000000000 ) ) ;
#1256 = VERTEX_POINT ( 'NONE', #2064 ) ;
#1257 = ADVANCED_FACE ( 'NONE', ( #1896 ), #1373, .T. ) ;
#1258 = CARTESIAN_POINT ( 'NONE',  ( 0.000000000000000000, 0.000000000000000000, 0.000000000000000000 ) ) ;
#1259 = DIRECTION ( 'NONE',  ( 1.000000000000000000, -0.000000000000000000, -0.000000000000000000 ) ) ;
#1260 = PLANE ( 'NONE',  #1396 ) ;
#1261 = DIRECTION ( 'NONE',  ( 0.000000000000000000, 0.000000000000000000, 1.000000000000000000 ) ) ;
#1262 = ORIENTED_EDGE ( 'NONE', *, *, #308, .T. ) ;
#1263 = LOCAL_TIME ( 23, 16, 5.000000000000000000, #71 ) ;
#1264 = DIRECTION ( 'NONE',  ( 1.000000000000000000, 0.000000000000000000, 0.000000000000000000 ) ) ;
#1265 = DIRECTION ( 'NONE',  ( 0.000000000000000000, 1.000000000000000000, 0.000000000000000000 ) ) ;
#1266 = VERTEX_POINT ( 'NONE', #532 ) ;
#1267 = CARTESIAN_POINT ( 'NONE',  ( -16.50000000000000000, 13.50000000000000000, -4.999999999999997335 ) ) ;
#1268 = ADVANCED_FACE ( 'NONE', ( #1621 ), #1082, .T. ) ;
#1269 = DIRECTION ( 'NONE',  ( -0.000000000000000000, -0.000000000000000000, 1.000000000000000000 ) ) ;
#1270 = FACE_OUTER_BOUND ( 'NONE', #188, .T. ) ;
#1271 = ADVANCED_FACE ( 'NONE', ( #907 ), #1423, .T. ) ;
#1272 = VERTEX_POINT ( 'NONE', #183 ) ;
#1273 = CARTESIAN_POINT ( 'NONE',  ( -6.500000000000000888, 9.499999999999998224, 7.399999999999999467 ) ) ;
#1274 = ORGANIZATION ( 'UNSPECIFIED', 'UNSPECIFIED', '' ) ;
#1275 = DIRECTION ( 'NONE',  ( 1.000000000000000000, -0.000000000000000000, -0.000000000000000000 ) ) ;
#1276 = CIRCLE ( 'NONE', #293, 1.599999999999997202 ) ;
#1277 = VERTEX_POINT ( 'NONE', #1574 ) ;
#1278 = CARTESIAN_POINT ( 'NONE',  ( -6.500000000000000888, 3.799999999999999378, 4.399999999999998579 ) ) ;
#1279 = LINE ( 'NONE', #1616, #1201 ) ;
#1280 = VECTOR ( 'NONE', #943, 1000.000000000000000 ) ;
#1281 = CARTESIAN_POINT ( 'NONE',  ( 6.499999999999999112, 9.500000000000001776, 4.399999999999999467 ) ) ;
#1282 = DIRECTION ( 'NONE',  ( 1.000000000000000000, -0.000000000000000000, 0.000000000000000000 ) ) ;
#1283 = VECTOR ( 'NONE', #1137, 1000.000000000000000 ) ;
#1284 = ORIENTED_EDGE ( 'NONE', *, *, #1920, .T. ) ;
#1285 = EDGE_CURVE ( 'NONE', #531, #940, #743, .T. ) ;
#1286 = DIRECTION ( 'NONE',  ( 0.000000000000000000, 0.000000000000000000, 1.000000000000000000 ) ) ;
#1287 = DIRECTION ( 'NONE',  ( -0.000000000000000000, -1.000000000000000000, -0.000000000000000000 ) ) ;
#1288 = ORIENTED_EDGE ( 'NONE', *, *, #1534, .F. ) ;
#1289 = DATE_AND_TIME ( #1458, #352 ) ;
#1290 = DIRECTION ( 'NONE',  ( 1.000000000000000000, 0.000000000000000000, 0.000000000000000000 ) ) ;
#1291 = CARTESIAN_POINT ( 'NONE',  ( 2.499999999999998668, 7.799999999999999822, -5.400000000000000355 ) ) ;
#1292 = ORIENTED_EDGE ( 'NONE', *, *, #2209, .F. ) ;
#1293 = LINE ( 'NONE', #2166, #835 ) ;
#1294 = ORIENTED_EDGE ( 'NONE', *, *, #321, .F. ) ;
#1295 = FACE_OUTER_BOUND ( 'NONE', #353, .T. ) ;
#1296 = ORIENTED_EDGE ( 'NONE', *, *, #1762, .T. ) ;
#1297 = DIRECTION ( 'NONE',  ( -1.000000000000000000, -0.000000000000000000, -0.000000000000000000 ) ) ;
#1298 = CARTESIAN_POINT ( 'NONE',  ( -6.500000000000000888, 9.500000000000001776, 4.399999999999999467 ) ) ;
#1299 = CARTESIAN_POINT ( 'NONE',  ( -2.500000000000000444, 7.799999999999999822, -7.400000000000000355 ) ) ;
#1300 = CARTESIAN_POINT ( 'NONE',  ( -16.50000000000000000, 15.50000000000000000, -1.925929944387235853E-31 ) ) ;
#1301 = VERTEX_POINT ( 'NONE', #385 ) ;
#1302 = CARTESIAN_POINT ( 'NONE',  ( -4.500000000000000888, 3.799999999999999378, -5.400000000000000355 ) ) ;
#1303 = ORIENTED_EDGE ( 'NONE', *, *, #487, .T. ) ;
#1304 = DIRECTION ( 'NONE',  ( 0.000000000000000000, -0.000000000000000000, 1.000000000000000000 ) ) ;
#1305 = ADVANCED_FACE ( 'NONE', ( #15 ), #702, .T. ) ;
#1306 = ORIENTED_EDGE ( 'NONE', *, *, #991, .F. ) ;
#1307 = DATE_AND_TIME ( #1888, #64 ) ;
#1308 = CARTESIAN_POINT ( 'NONE',  ( -22.20000000000000284, 11.50000000000000000, 7.400000000000000355 ) ) ;
#1309 = EDGE_CURVE ( 'NONE', #863, #533, #720, .T. ) ;
#1310 = VECTOR ( 'NONE', #358, 1000.000000000000000 ) ;
#1311 = DIRECTION ( 'NONE',  ( 1.000000000000000000, 0.000000000000000000, 0.000000000000000000 ) ) ;
#1312 = CARTESIAN_POINT ( 'NONE',  ( 6.499999999999999112, 0.000000000000000000, 7.400000000000000355 ) ) ;
#1313 = VECTOR ( 'NONE', #1275, 1000.000000000000000 ) ;
#1314 = VERTEX_POINT ( 'NONE', #896 ) ;
#1315 = LINE ( 'NONE', #451, #269 ) ;
#1316 = ORIENTED_EDGE ( 'NONE', *, *, #2217, .F. ) ;
#1317 = VECTOR ( 'NONE', #90, 1000.000000000000000 ) ;
#1318 = LINE ( 'NONE', #2187, #829 ) ;
#1319 = VECTOR ( 'NONE', #2117, 1000.000000000000000 ) ;
#1320 = ORIENTED_EDGE ( 'NONE', *, *, #1504, .F. ) ;
#1321 = CARTESIAN_POINT ( 'NONE',  ( -22.20000000000000284, 13.50000000000000000, -7.400000000000000355 ) ) ;
#1322 = EDGE_CURVE ( 'NONE', #1314, #1358, #875, .T. ) ;
#1323 = DIRECTION ( 'NONE',  ( 0.000000000000000000, 0.7071067811865474617, 0.7071067811865474617 ) ) ;
#1324 = CARTESIAN_POINT ( 'NONE',  ( 6.499999999999999112, 15.50000000000000000, 7.400000000000000355 ) ) ;
#1325 = ORIENTED_EDGE ( 'NONE', *, *, #490, .F. ) ;
#1326 = ORIENTED_EDGE ( 'NONE', *, *, #788, .F. ) ;
#1327 = CARTESIAN_POINT ( 'NONE',  ( -6.500000000000000888, 9.500000000000001776, 4.399999999999999467 ) ) ;
#1328 = ORIENTED_EDGE ( 'NONE', *, *, #697, .F. ) ;
#1329 = PERSON_AND_ORGANIZATION ( #1598, #1274 ) ;
#1330 = CARTESIAN_POINT ( 'NONE',  ( 6.499999999999999112, 7.799999999999999822, -7.400000000000000355 ) ) ;
#1331 = CARTESIAN_POINT ( 'NONE',  ( -6.500000000000000888, 0.000000000000000000, 7.400000000000000355 ) ) ;
#1332 = LINE ( 'NONE', #645, #151 ) ;
#1333 = ORIENTED_EDGE ( 'NONE', *, *, #2152, .T. ) ;
#1334 = EDGE_CURVE ( 'NONE', #1865, #500, #1790, .T. ) ;
#1335 = EDGE_CURVE ( 'NONE', #1256, #1560, #1778, .T. ) ;
#1336 = ORIENTED_EDGE ( 'NONE', *, *, #101, .T. ) ;
#1337 = DIRECTION ( 'NONE',  ( -1.000000000000000000, 0.000000000000000000, 0.000000000000000000 ) ) ;
#1338 = VECTOR ( 'NONE', #740, 1000.000000000000000 ) ;
#1339 = EDGE_LOOP ( 'NONE', ( #1288, #309 ) ) ;
#1340 = CARTESIAN_POINT ( 'NONE',  ( -32.50000000000000000, 13.50000000000000000, 7.400000000000000355 ) ) ;
#1341 = ORIENTED_EDGE ( 'NONE', *, *, #809, .F. ) ;
#1342 = PLANE ( 'NONE',  #256 ) ;
#1343 = CARTESIAN_POINT ( 'NONE',  ( 6.499999999999999112, 15.50000000000000000, -7.400000000000000355 ) ) ;
#1344 = VECTOR ( 'NONE', #383, 1000.000000000000000 ) ;
#1345 = CARTESIAN_POINT ( 'NONE',  ( -6.500000000000000888, 13.50000000000000178, 4.399999999999999467 ) ) ;
#1346 = ORIENTED_EDGE ( 'NONE', *, *, #627, .F. ) ;
#1347 = CIRCLE ( 'NONE', #152, 1.599999999999997202 ) ;
#1348 = VERTEX_POINT ( 'NONE', #522 ) ;
#1349 = VECTOR ( 'NONE', #1512, 1000.000000000000000 ) ;
#1350 = EDGE_CURVE ( 'NONE', #2210, #1314, #1401, .T. ) ;
#1351 = CARTESIAN_POINT ( 'NONE',  ( -23.78843544106869246, 7.799999999999999822, 5.400000000000000355 ) ) ;
#1352 = EDGE_LOOP ( 'NONE', ( #1234, #1217, #1179, #1227, #2087, #675, #660, #1059, #2109, #1133, #1906, #1839 ) ) ;
#1353 = SHAPE_DEFINITION_REPRESENTATION ( #1415, #607 ) ;
#1354 = LINE ( 'NONE', #2093, #516 ) ;
#1355 = EDGE_LOOP ( 'NONE', ( #1737, #186, #1697, #339 ) ) ;
#1356 = CARTESIAN_POINT ( 'NONE',  ( 6.499999999999999112, 7.799999999999999822, 4.399999999999998579 ) ) ;
#1357 = CARTESIAN_POINT ( 'NONE',  ( -6.500000000000000888, 3.799999999999999378, 4.399999999999998579 ) ) ;
#1358 = VERTEX_POINT ( 'NONE', #1048 ) ;
#1359 = ORIENTED_EDGE ( 'NONE', *, *, #1225, .T. ) ;
#1360 = CARTESIAN_POINT ( 'NONE',  ( -2.500000000000000444, 0.000000000000000000, 7.400000000000000355 ) ) ;
#1361 = EDGE_CURVE ( 'NONE', #1818, #1301, #1214, .T. ) ;
#1362 = PLANE ( 'NONE',  #1981 ) ;
#1363 = EDGE_CURVE ( 'NONE', #1348, #1849, #553, .T. ) ;
#1364 = EDGE_CURVE ( 'NONE', #479, #1865, #712, .T. ) ;
#1365 = VERTEX_POINT ( 'NONE', #1944 ) ;
#1366 = DIRECTION ( 'NONE',  ( 0.000000000000000000, 1.000000000000000000, 0.000000000000000000 ) ) ;
#1367 = ADVANCED_FACE ( 'NONE', ( #1954 ), #1061, .T. ) ;
#1368 = EDGE_LOOP ( 'NONE', ( #1928, #610, #373, #2037 ) ) ;
#1369 = DIRECTION ( 'NONE',  ( 0.000000000000000000, 0.000000000000000000, -1.000000000000000000 ) ) ;
#1370 = DIRECTION ( 'NONE',  ( 0.000000000000000000, -0.000000000000000000, -1.000000000000000000 ) ) ;
#1371 = ORIENTED_EDGE ( 'NONE', *, *, #1687, .F. ) ;
#1372 = EDGE_LOOP ( 'NONE', ( #1615, #2243, #714, #454 ) ) ;
#1373 = PLANE ( 'NONE',  #1249 ) ;
#1374 = ORIENTED_EDGE ( 'NONE', *, *, #678, .F. ) ;
#1375 = EDGE_CURVE ( 'NONE', #282, #1787, #1597, .T. ) ;
#1376 = DIRECTION ( 'NONE',  ( -0.000000000000000000, 1.000000000000000000, -0.000000000000000000 ) ) ;
#1377 = VERTEX_POINT ( 'NONE', #1253 ) ;
#1378 = EDGE_CURVE ( 'NONE', #1787, #863, #731, .T. ) ;
#1379 = LINE ( 'NONE', #845, #185 ) ;
#1380 = CARTESIAN_POINT ( 'NONE',  ( -6.500000000000000888, -3.673940397442061840E-16, -4.399999999999999467 ) ) ;
#1381 = LINE ( 'NONE', #382, #1619 ) ;
#1382 = ORIENTED_EDGE ( 'NONE', *, *, #1891, .T. ) ;
#1383 = ORIENTED_EDGE ( 'NONE', *, *, #8, .T. ) ;
#1384 = VECTOR ( 'NONE', #1752, 1000.000000000000000 ) ;
#1385 = DIRECTION ( 'NONE',  ( 1.000000000000000000, -0.000000000000000000, -0.000000000000000000 ) ) ;
#1386 = DIRECTION ( 'NONE',  ( 1.000000000000000000, 0.000000000000000000, -0.000000000000000000 ) ) ;
#1387 = AXIS2_PLACEMENT_3D ( 'NONE', #364, #713, #1445 ) ;
#1388 = VECTOR ( 'NONE', #124, 1000.000000000000000 ) ;
#1389 = ORIENTED_EDGE ( 'NONE', *, *, #229, .T. ) ;
#1390 = DIRECTION ( 'NONE',  ( 0.000000000000000000, 0.000000000000000000, 1.000000000000000000 ) ) ;
#1391 = ORIENTED_EDGE ( 'NONE', *, *, #569, .T. ) ;
#1392 = FACE_OUTER_BOUND ( 'NONE', #615, .T. ) ;
#1393 = LINE ( 'NONE', #2097, #975 ) ;
#1394 = EDGE_CURVE ( 'NONE', #1905, #1531, #1964, .T. ) ;
#1395 = EDGE_CURVE ( 'NONE', #273, #940, #605, .T. ) ;
#1396 = AXIS2_PLACEMENT_3D ( 'NONE', #708, #1593, #1951 ) ;
#1397 = LINE ( 'NONE', #563, #1232 ) ;
#1398 = ORIENTED_EDGE ( 'NONE', *, *, #1440, .F. ) ;
#1399 = ORIENTED_EDGE ( 'NONE', *, *, #1578, .T. ) ;
#1400 = FACE_OUTER_BOUND ( 'NONE', #366, .T. ) ;
#1401 = LINE ( 'NONE', #351, #86 ) ;
#1402 = ORIENTED_EDGE ( 'NONE', *, *, #1584, .F. ) ;
#1403 = CARTESIAN_POINT ( 'NONE',  ( -6.500000000000000888, 13.50000000000000000, 7.400000000000000355 ) ) ;
#1404 = EDGE_CURVE ( 'NONE', #359, #273, #261, .T. ) ;
#1405 = VERTEX_POINT ( 'NONE', #1302 ) ;
#1406 = DIRECTION ( 'NONE',  ( 0.000000000000000000, -0.000000000000000000, 1.000000000000000000 ) ) ;
#1407 = CARTESIAN_POINT ( 'NONE',  ( -6.500000000000000888, 13.50000000000000000, -7.400000000000000355 ) ) ;
#1408 = CARTESIAN_POINT ( 'NONE',  ( -4.500000000000000888, 3.799999999999992717, 7.399999999999993250 ) ) ;
#1409 = ORIENTED_EDGE ( 'NONE', *, *, #1564, .T. ) ;
#1410 = ADVANCED_FACE ( 'NONE', ( #1840 ), #2175, .F. ) ;
#1411 = ORIENTED_EDGE ( 'NONE', *, *, #1504, .T. ) ;
#1412 = CARTESIAN_POINT ( 'NONE',  ( -6.500000000000000888, 2.099999999999999645, 4.399999999999998579 ) ) ;
#1413 = CARTESIAN_POINT ( 'NONE',  ( -2.500000000000000444, 7.799999999999999822, -4.400000000000000355 ) ) ;
#1414 = ORIENTED_EDGE ( 'NONE', *, *, #952, .T. ) ;
#1415 = PRODUCT_DEFINITION_SHAPE ( 'NONE', 'NONE',  #1819 ) ;
#1416 = DIRECTION ( 'NONE',  ( -0.000000000000000000, 1.000000000000000000, -0.000000000000000000 ) ) ;
#1417 = DIRECTION ( 'NONE',  ( -1.000000000000000000, 0.000000000000000000, 0.000000000000000000 ) ) ;
#1418 = VECTOR ( 'NONE', #1729, 1000.000000000000000 ) ;
#1419 = CARTESIAN_POINT ( 'NONE',  ( -24.20000000000000639, 11.50000000000000000, -7.400000000000000355 ) ) ;
#1420 = VERTEX_POINT ( 'NONE', #575 ) ;
#1421 = AXIS2_PLACEMENT_3D ( 'NONE', #514, #1914, #502 ) ;
#1422 = CARTESIAN_POINT ( 'NONE',  ( -4.500000000000000888, 2.099999999999999645, 7.400000000000000355 ) ) ;
#1423 = PLANE ( 'NONE',  #1838 ) ;
#1424 = EDGE_CURVE ( 'NONE', #1684, #1550, #1293, .T. ) ;
#1425 = DIRECTION ( 'NONE',  ( -0.000000000000000000, 1.000000000000000000, -0.000000000000000000 ) ) ;
#1426 = VECTOR ( 'NONE', #176, 1000.000000000000000 ) ;
#1427 = ORIENTED_EDGE ( 'NONE', *, *, #1807, .F. ) ;
#1428 = DIRECTION ( 'NONE',  ( 1.000000000000000000, 0.000000000000000000, 0.000000000000000000 ) ) ;
#1429 = CARTESIAN_POINT ( 'NONE',  ( -24.20000000000000639, 11.50000000000000000, 7.400000000000000355 ) ) ;
#1430 = PLANE ( 'NONE',  #2188 ) ;
#1431 = ORIENTED_EDGE ( 'NONE', *, *, #2052, .T. ) ;
#1432 = AXIS2_PLACEMENT_3D ( 'NONE', #1071, #1047, #1786 ) ;
#1433 = CARTESIAN_POINT ( 'NONE',  ( 0.000000000000000000, 0.000000000000000000, 0.000000000000000000 ) ) ;
#1434 = CARTESIAN_POINT ( 'NONE',  ( 6.499999999999999112, 15.50000000000000000, 7.400000000000000355 ) ) ;
#1435 = VERTEX_POINT ( 'NONE', #752 ) ;
#1436 = ADVANCED_FACE ( 'NONE', ( #109 ), #1989, .T. ) ;
#1437 = CARTESIAN_POINT ( 'NONE',  ( -32.50000000000000000, 15.50000000000000000, -7.400000000000000355 ) ) ;
#1438 = FACE_OUTER_BOUND ( 'NONE', #667, .T. ) ;
#1439 = EDGE_CURVE ( 'NONE', #1873, #531, #1466, .T. ) ;
#1440 = EDGE_CURVE ( 'NONE', #2079, #1842, #274, .T. ) ;
#1441 = DIRECTION ( 'NONE',  ( 0.000000000000000000, 0.000000000000000000, -1.000000000000000000 ) ) ;
#1442 = DIRECTION ( 'NONE',  ( 1.000000000000000000, 0.000000000000000000, -0.000000000000000000 ) ) ;
#1443 = ORIENTED_EDGE ( 'NONE', *, *, #2176, .F. ) ;
#1444 = CARTESIAN_POINT ( 'NONE',  ( -2.500000000000000444, 3.800000000000001155, -7.400000000000000355 ) ) ;
#1445 = DIRECTION ( 'NONE',  ( -1.000000000000000000, 0.000000000000000000, -0.000000000000000000 ) ) ;
#1446 = EDGE_CURVE ( 'NONE', #814, #1917, #1999, .T. ) ;
#1447 = APPROVAL ( #126, 'UNSPECIFIED' ) ;
#1448 = ORIENTED_EDGE ( 'NONE', *, *, #800, .F. ) ;
#1449 = DIRECTION ( 'NONE',  ( 0.000000000000000000, 1.000000000000000000, -4.130293990420970869E-16 ) ) ;
#1450 = ADVANCED_FACE ( 'NONE', ( #954 ), #1485, .F. ) ;
#1451 = CARTESIAN_POINT ( 'NONE',  ( 6.499999999999999112, 3.799999999999999378, 7.400000000000000355 ) ) ;
#1452 = DIRECTION ( 'NONE',  ( 0.000000000000000000, 1.000000000000000000, 0.000000000000000000 ) ) ;
#1453 = VECTOR ( 'NONE', #419, 1000.000000000000000 ) ;
#1454 = ORIENTED_EDGE ( 'NONE', *, *, #1322, .F. ) ;
#1455 = CARTESIAN_POINT ( 'NONE',  ( -2.500000000000002220, 0.000000000000000000, 5.400000000000000355 ) ) ;
#1456 = DIRECTION ( 'NONE',  ( 1.000000000000000000, 0.000000000000000000, 0.000000000000000000 ) ) ;
#1457 = ORIENTED_EDGE ( 'NONE', *, *, #1973, .T. ) ;
#1458 = CALENDAR_DATE ( 2026, 5, 5 ) ;
#1459 = LINE ( 'NONE', #1647, #652 ) ;
#1460 = AXIS2_PLACEMENT_3D ( 'NONE', #18, #1103, #1242 ) ;
#1461 = LINE ( 'NONE', #1299, #1121 ) ;
#1462 = DIRECTION ( 'NONE',  ( 0.000000000000000000, -0.000000000000000000, 1.000000000000000000 ) ) ;
#1463 = ADVANCED_FACE ( 'NONE', ( #98 ), #240, .T. ) ;
#1464 = ADVANCED_FACE ( 'NONE', ( #80 ), #1669, .T. ) ;
#1465 = ORIENTED_EDGE ( 'NONE', *, *, #557, .T. ) ;
#1466 = LINE ( 'NONE', #963, #1136 ) ;
#1467 = VECTOR ( 'NONE', #862, 1000.000000000000000 ) ;
#1468 = DIRECTION ( 'NONE',  ( 1.000000000000000000, 0.000000000000000000, 0.000000000000000000 ) ) ;
#1469 = ORIENTED_EDGE ( 'NONE', *, *, #1068, .T. ) ;
#1470 = PERSON_AND_ORGANIZATION_ROLE ( 'design_owner' ) ;
#1471 = PLANE ( 'NONE',  #191 ) ;
#1472 = CARTESIAN_POINT ( 'NONE',  ( -24.20000000000000639, 11.50000000000000000, 7.400000000000000355 ) ) ;
#1473 = CARTESIAN_POINT ( 'NONE',  ( 2.499999999999998668, 0.000000000000000000, 7.400000000000000355 ) ) ;
#1474 = EDGE_CURVE ( 'NONE', #132, #1183, #941, .T. ) ;
#1475 = ORIENTED_EDGE ( 'NONE', *, *, #584, .T. ) ;
#1476 = CARTESIAN_POINT ( 'NONE',  ( -2.500000000000000444, -3.673940397442061840E-16, -4.399999999999999467 ) ) ;
#1477 = EDGE_CURVE ( 'NONE', #855, #218, #1315, .T. ) ;
#1478 = CARTESIAN_POINT ( 'NONE',  ( 6.499999999999999112, 13.50000000000000000, -4.399999999999997691 ) ) ;
#1479 = ORIENTED_EDGE ( 'NONE', *, *, #171, .F. ) ;
#1480 = APPROVAL_DATE_TIME ( #1307, #1447 ) ;
#1481 = CARTESIAN_POINT ( 'NONE',  ( -28.50000000000000355, 15.50000000000000000, 0.000000000000000000 ) ) ;
#1482 = DIRECTION ( 'NONE',  ( 0.000000000000000000, 0.000000000000000000, 1.000000000000000000 ) ) ;
#1483 = LINE ( 'NONE', #1312, #1791 ) ;
#1484 = VERTEX_POINT ( 'NONE', #928 ) ;
#1485 = PLANE ( 'NONE',  #2196 ) ;
#1486 = CARTESIAN_POINT ( 'NONE',  ( -6.500000000000000888, 3.799999999999999378, 4.399999999999998579 ) ) ;
#1487 = VECTOR ( 'NONE', #1940, 1000.000000000000000 ) ;
#1488 = LINE ( 'NONE', #453, #1053 ) ;
#1489 = ADVANCED_FACE ( 'NONE', ( #792 ), #2143, .F. ) ;
#1490 = VERTEX_POINT ( 'NONE', #411 ) ;
#1491 = CARTESIAN_POINT ( 'NONE',  ( -4.500000000000000888, 0.000000000000000000, -5.400000000000000355 ) ) ;
#1492 = VECTOR ( 'NONE', #1428, 1000.000000000000000 ) ;
#1493 = DIRECTION ( 'NONE',  ( 1.000000000000000000, 0.000000000000000000, 0.000000000000000000 ) ) ;
#1494 = DIRECTION ( 'NONE',  ( 0.000000000000000000, 0.000000000000000000, 1.000000000000000000 ) ) ;
#1495 = VECTOR ( 'NONE', #1741, 1000.000000000000114 ) ;
#1496 = ORIENTED_EDGE ( 'NONE', *, *, #1918, .F. ) ;
#1497 = EDGE_CURVE ( 'NONE', #218, #1797, #1097, .T. ) ;
#1498 = VECTOR ( 'NONE', #1264, 1000.000000000000000 ) ;
#1499 = CARTESIAN_POINT ( 'NONE',  ( -6.500000000000000888, 7.799999999999999822, 7.400000000000000355 ) ) ;
#1500 = AXIS2_PLACEMENT_3D ( 'NONE', #1196, #1021, #1175 ) ;
#1501 = ORIENTED_EDGE ( 'NONE', *, *, #557, .F. ) ;
#1502 = EDGE_CURVE ( 'NONE', #1865, #233, #886, .T. ) ;
#1503 = CARTESIAN_POINT ( 'NONE',  ( 2.499999999999998668, 12.50000000000000000, -7.400000000000000355 ) ) ;
#1504 = EDGE_CURVE ( 'NONE', #832, #421, #558, .T. ) ;
#1505 = DIRECTION ( 'NONE',  ( 0.000000000000000000, -0.000000000000000000, 1.000000000000000000 ) ) ;
#1506 = DIRECTION ( 'NONE',  ( 0.000000000000000000, 0.000000000000000000, 1.000000000000000000 ) ) ;
#1507 = ORIENTED_EDGE ( 'NONE', *, *, #230, .F. ) ;
#1508 = ORIENTED_EDGE ( 'NONE', *, *, #1960, .F. ) ;
#1509 = CARTESIAN_POINT ( 'NONE',  ( -28.50000000000000355, 15.50000000000000000, 0.000000000000000000 ) ) ;
#1510 = CARTESIAN_POINT ( 'NONE',  ( -23.78843544106869246, 0.000000000000000000, 5.400000000000000355 ) ) ;
#1511 = VERTEX_POINT ( 'NONE', #47 ) ;
#1512 = DIRECTION ( 'NONE',  ( 1.000000000000000000, 0.000000000000000000, 0.000000000000000000 ) ) ;
#1513 = ORIENTED_EDGE ( 'NONE', *, *, #1807, .T. ) ;
#1514 = CARTESIAN_POINT ( 'NONE',  ( -6.500000000000000888, 9.500000000000001776, 4.399999999999999467 ) ) ;
#1515 = DIRECTION ( 'NONE',  ( -0.000000000000000000, -0.000000000000000000, 1.000000000000000000 ) ) ;
#1516 = ADVANCED_FACE ( 'NONE', ( #1149 ), #782, .F. ) ;
#1517 = FACE_OUTER_BOUND ( 'NONE', #1210, .T. ) ;
#1518 = ORIENTED_EDGE ( 'NONE', *, *, #853, .F. ) ;
#1519 = ORIENTED_EDGE ( 'NONE', *, *, #1552, .T. ) ;
#1520 = FACE_OUTER_BOUND ( 'NONE', #2233, .T. ) ;
#1521 = ADVANCED_FACE ( 'NONE', ( #377 ), #2135, .F. ) ;
#1522 = VECTOR ( 'NONE', #592, 1000.000000000000000 ) ;
#1523 = ORIENTED_EDGE ( 'NONE', *, *, #446, .T. ) ;
#1524 = DIRECTION ( 'NONE',  ( 0.000000000000000000, 0.000000000000000000, -1.000000000000000000 ) ) ;
#1525 = VECTOR ( 'NONE', #166, 1000.000000000000000 ) ;
#1526 = EDGE_LOOP ( 'NONE', ( #1457, #1540, #319, #40 ) ) ;
#1527 = DIRECTION ( 'NONE',  ( 0.000000000000000000, -0.000000000000000000, 1.000000000000000000 ) ) ;
#1528 = DIRECTION ( 'NONE',  ( -0.000000000000000000, 1.000000000000000000, 0.000000000000000000 ) ) ;
#1529 = VECTOR ( 'NONE', #603, 1000.000000000000000 ) ;
#1530 = DIRECTION ( 'NONE',  ( 0.000000000000000000, 0.000000000000000000, -1.000000000000000000 ) ) ;
#1531 = VERTEX_POINT ( 'NONE', #1796 ) ;
#1532 = VECTOR ( 'NONE', #1845, 1000.000000000000000 ) ;
#1533 = EDGE_CURVE ( 'NONE', #1183, #2164, #263, .T. ) ;
#1534 = EDGE_CURVE ( 'NONE', #2185, #477, #447, .T. ) ;
#1535 = ORIENTED_EDGE ( 'NONE', *, *, #469, .T. ) ;
#1536 = AXIS2_PLACEMENT_3D ( 'NONE', #1770, #568, #1599 ) ;
#1537 = CARTESIAN_POINT ( 'NONE',  ( -28.50000000000000355, 13.50000000000000000, 1.599999999999997202 ) ) ;
#1538 = DIRECTION ( 'NONE',  ( -0.000000000000000000, 1.000000000000000000, -0.000000000000000000 ) ) ;
#1539 = AXIS2_PLACEMENT_3D ( 'NONE', #1510, #651, #2208 ) ;
#1540 = ORIENTED_EDGE ( 'NONE', *, *, #224, .F. ) ;
#1541 = DIRECTION ( 'NONE',  ( 1.000000000000000000, 0.000000000000000000, -0.000000000000000000 ) ) ;
#1542 = VECTOR ( 'NONE', #68, 1000.000000000000000 ) ;
#1543 = ORIENTED_EDGE ( 'NONE', *, *, #677, .F. ) ;
#1544 = LINE ( 'NONE', #288, #646 ) ;
#1545 = PLANE ( 'NONE',  #407 ) ;
#1546 = EDGE_CURVE ( 'NONE', #847, #67, #2207, .T. ) ;
#1547 = DESIGN_CONTEXT ( 'detailed design', #1630, 'design' ) ;
#1548 = DIRECTION ( 'NONE',  ( -1.000000000000000000, 0.000000000000000000, -0.000000000000000000 ) ) ;
#1549 = VERTEX_POINT ( 'NONE', #1537 ) ;
#1550 = VERTEX_POINT ( 'NONE', #1360 ) ;
#1551 = DIRECTION ( 'NONE',  ( 0.000000000000000000, 1.156482317317871528E-15, -1.000000000000000000 ) ) ;
#1552 = EDGE_CURVE ( 'NONE', #725, #519, #2073, .T. ) ;
#1553 = ORIENTED_EDGE ( 'NONE', *, *, #2242, .T. ) ;
#1554 = CARTESIAN_POINT ( 'NONE',  ( -16.50000000000000000, 0.000000000000000000, -1.925929944387235853E-31 ) ) ;
#1555 = ORIENTED_EDGE ( 'NONE', *, *, #530, .T. ) ;
#1556 = CARTESIAN_POINT ( 'NONE',  ( -6.500000000000000888, 7.799999999999999822, -4.400000000000000355 ) ) ;
#1557 = FACE_OUTER_BOUND ( 'NONE', #1148, .T. ) ;
#1558 = CARTESIAN_POINT ( 'NONE',  ( -4.500000000000001776, 2.099999999999999645, 4.399999999999998579 ) ) ;
#1559 = ORIENTED_EDGE ( 'NONE', *, *, #591, .T. ) ;
#1560 = VERTEX_POINT ( 'NONE', #329 ) ;
#1561 = CARTESIAN_POINT ( 'NONE',  ( -4.500000000000000888, 9.500000000000000000, -5.400000000000000355 ) ) ;
#1562 = ORIENTED_EDGE ( 'NONE', *, *, #399, .T. ) ;
#1563 = DIRECTION ( 'NONE',  ( 1.000000000000000000, 0.000000000000000000, 0.000000000000000000 ) ) ;
#1564 = EDGE_CURVE ( 'NONE', #1266, #159, #1166, .T. ) ;
#1565 = ORIENTED_EDGE ( 'NONE', *, *, #1725, .T. ) ;
#1566 = CARTESIAN_POINT ( 'NONE',  ( -28.50000000000000355, 15.50000000000000000, 0.000000000000000000 ) ) ;
#1567 = DIRECTION ( 'NONE',  ( 0.000000000000000000, -0.000000000000000000, 1.000000000000000000 ) ) ;
#1568 = VECTOR ( 'NONE', #2060, 1000.000000000000000 ) ;
#1569 = DIRECTION ( 'NONE',  ( 0.000000000000000000, 0.000000000000000000, -1.000000000000000000 ) ) ;
#1570 = EDGE_LOOP ( 'NONE', ( #933, #1212, #1813, #464 ) ) ;
#1571 = ORIENTED_EDGE ( 'NONE', *, *, #2245, .F. ) ;
#1572 = CC_DESIGN_PERSON_AND_ORGANIZATION_ASSIGNMENT ( #1329, #611, ( #1631 ) ) ;
#1573 = DIRECTION ( 'NONE',  ( -0.000000000000000000, 1.000000000000000000, -0.000000000000000000 ) ) ;
#1574 = CARTESIAN_POINT ( 'NONE',  ( 2.499999999999998668, 2.099999999999999201, -5.400000000000000355 ) ) ;
#1575 = AXIS2_PLACEMENT_3D ( 'NONE', #1499, #1843, #1304 ) ;
#1576 = ORIENTED_EDGE ( 'NONE', *, *, #1546, .F. ) ;
#1577 = CARTESIAN_POINT ( 'NONE',  ( -2.500000000000000444, 7.799999999999999822, 7.400000000000000355 ) ) ;
#1578 = EDGE_CURVE ( 'NONE', #153, #594, #673, .T. ) ;
#1579 = EDGE_LOOP ( 'NONE', ( #1294, #968, #1411, #165 ) ) ;
#1580 = CARTESIAN_POINT ( 'NONE',  ( -2.500000000000000444, 0.000000000000000000, -7.400000000000000355 ) ) ;
#1581 = CARTESIAN_POINT ( 'NONE',  ( -28.50000000000000355, 15.50000000000000000, -3.149999999999999911 ) ) ;
#1582 = VECTOR ( 'NONE', #827, 1000.000000000000000 ) ;
#1583 = EDGE_CURVE ( 'NONE', #433, #1700, #686, .T. ) ;
#1584 = EDGE_CURVE ( 'NONE', #142, #1696, #294, .T. ) ;
#1585 = CARTESIAN_POINT ( 'NONE',  ( -4.500000000000000888, 2.099999999999999645, 5.400000000000000355 ) ) ;
#1586 = ORIENTED_EDGE ( 'NONE', *, *, #555, .T. ) ;
#1587 = ORIENTED_EDGE ( 'NONE', *, *, #283, .T. ) ;
#1588 = DIRECTION ( 'NONE',  ( -0.000000000000000000, 1.000000000000000000, -0.000000000000000000 ) ) ;
#1589 = DIRECTION ( 'NONE',  ( 0.000000000000000000, 0.000000000000000000, 1.000000000000000000 ) ) ;
#1590 = ORIENTED_EDGE ( 'NONE', *, *, #678, .T. ) ;
#1591 = CARTESIAN_POINT ( 'NONE',  ( -2.500000000000002220, 0.000000000000000000, -5.400000000000000355 ) ) ;
#1592 = DIRECTION ( 'NONE',  ( 0.000000000000000000, 0.000000000000000000, 1.000000000000000000 ) ) ;
#1593 = DIRECTION ( 'NONE',  ( 0.000000000000000000, -1.000000000000000000, 0.000000000000000000 ) ) ;
#1594 = FACE_OUTER_BOUND ( 'NONE', #252, .T. ) ;
#1595 = EDGE_CURVE ( 'NONE', #1953, #519, #566, .T. ) ;
#1596 = ORIENTED_EDGE ( 'NONE', *, *, #1009, .T. ) ;
#1597 = LINE ( 'NONE', #226, #944 ) ;
#1598 = PERSON ( 'UNSPECIFIED', 'UNSPECIFIED', 'UNSPECIFIED', ('UNSPECIFIED'), ('UNSPECIFIED'), ('UNSPECIFIED') ) ;
#1599 = DIRECTION ( 'NONE',  ( 0.000000000000000000, 0.000000000000000000, 1.000000000000000000 ) ) ;
#1600 = CARTESIAN_POINT ( 'NONE',  ( -6.500000000000000888, 0.000000000000000000, 4.399999999999999467 ) ) ;
#1601 = ORIENTED_EDGE ( 'NONE', *, *, #955, .F. ) ;
#1602 = DIRECTION ( 'NONE',  ( 0.000000000000000000, 1.000000000000000000, -4.130293990420970869E-16 ) ) ;
#1603 = CARTESIAN_POINT ( 'NONE',  ( 2.499999999999998668, 9.500000000000000000, -5.400000000000000355 ) ) ;
#1604 = VECTOR ( 'NONE', #1823, 1000.000000000000000 ) ;
#1605 = DIRECTION ( 'NONE',  ( 0.000000000000000000, -1.000000000000000000, 0.000000000000000000 ) ) ;
#1606 = DIRECTION ( 'NONE',  ( 0.000000000000000000, 1.000000000000000000, 0.000000000000000000 ) ) ;
#1607 = ORIENTED_EDGE ( 'NONE', *, *, #1623, .F. ) ;
#1608 = ADVANCED_FACE ( 'NONE', ( #1400 ), #394, .T. ) ;
#1609 = LINE ( 'NONE', #54, #160 ) ;
#1610 = CARTESIAN_POINT ( 'NONE',  ( -2.500000000000000444, 2.099999999999999645, 7.400000000000000355 ) ) ;
#1611 = EDGE_CURVE ( 'NONE', #479, #1696, #1609, .T. ) ;
#1612 = DIRECTION ( 'NONE',  ( 0.000000000000000000, 0.000000000000000000, 1.000000000000000000 ) ) ;
#1613 = VECTOR ( 'NONE', #1290, 1000.000000000000000 ) ;
#1614 = VECTOR ( 'NONE', #1265, 1000.000000000000000 ) ;
#1615 = ORIENTED_EDGE ( 'NONE', *, *, #1248, .F. ) ;
#1616 = CARTESIAN_POINT ( 'NONE',  ( -6.500000000000000888, 7.799999999999999822, 4.399999999999998579 ) ) ;
#1617 = CARTESIAN_POINT ( 'NONE',  ( -6.500000000000000888, 0.000000000000000000, 4.399999999999998579 ) ) ;
#1618 = CARTESIAN_POINT ( 'NONE',  ( -28.50000000000000355, 15.50000000000000000, -1.599999999999997202 ) ) ;
#1619 = VECTOR ( 'NONE', #1605, 1000.000000000000000 ) ;
#1620 = ORIENTED_EDGE ( 'NONE', *, *, #1142, .T. ) ;
#1621 = FACE_OUTER_BOUND ( 'NONE', #2120, .T. ) ;
#1622 = PLANE ( 'NONE',  #297 ) ;
#1623 = EDGE_CURVE ( 'NONE', #2223, #1266, #2089, .T. ) ;
#1624 = ORIENTED_EDGE ( 'NONE', *, *, #1334, .T. ) ;
#1625 = DATE_AND_TIME ( #1115, #1887 ) ;
#1626 = DIRECTION ( 'NONE',  ( 0.000000000000000000, -1.000000000000000000, -5.782411586589357639E-16 ) ) ;
#1627 = EDGE_CURVE ( 'NONE', #1560, #479, #304, .T. ) ;
#1628 = CARTESIAN_POINT ( 'NONE',  ( -4.500000000000001776, 9.500000000000001776, -4.399999999999997691 ) ) ;
#1629 = LINE ( 'NONE', #1618, #616 ) ;
#1630 = APPLICATION_CONTEXT ( 'configuration controlled 3d designs of mechanical parts and assemblies' ) ;
#1631 = SECURITY_CLASSIFICATION ( '', '', #1140 ) ;
#1632 = ORIENTED_EDGE ( 'NONE', *, *, #1101, .T. ) ;
#1633 = DIRECTION ( 'NONE',  ( 0.000000000000000000, -0.000000000000000000, 1.000000000000000000 ) ) ;
#1634 = LINE ( 'NONE', #275, #155 ) ;
#1635 = VERTEX_POINT ( 'NONE', #1695 ) ;
#1636 = CARTESIAN_POINT ( 'NONE',  ( -6.500000000000000888, 9.500000000000001776, 4.399999999999999467 ) ) ;
#1637 = CARTESIAN_POINT ( 'NONE',  ( -2.500000000000002220, 0.000000000000000000, 5.400000000000000355 ) ) ;
#1638 = CARTESIAN_POINT ( 'NONE',  ( -6.500000000000000888, 9.500000000000001776, 4.399999999999999467 ) ) ;
#1639 = AXIS2_PLACEMENT_3D ( 'NONE', #2236, #668, #2026 ) ;
#1640 = EDGE_LOOP ( 'NONE', ( #505, #424, #545, #539 ) ) ;
#1641 = CARTESIAN_POINT ( 'NONE',  ( -6.500000000000000888, 2.099999999999999645, 4.399999999999998579 ) ) ;
#1642 = VECTOR ( 'NONE', #1297, 1000.000000000000000 ) ;
#1643 = ORIENTED_EDGE ( 'NONE', *, *, #59, .F. ) ;
#1644 = DIRECTION ( 'NONE',  ( -0.000000000000000000, 0.000000000000000000, 1.000000000000000000 ) ) ;
#1645 = ORIENTED_EDGE ( 'NONE', *, *, #203, .F. ) ;
#1646 = LINE ( 'NONE', #1278, #647 ) ;
#1647 = CARTESIAN_POINT ( 'NONE',  ( 2.499999999999998668, 3.799999999999999378, 7.400000000000000355 ) ) ;
#1648 = VECTOR ( 'NONE', #455, 1000.000000000000000 ) ;
#1649 = LINE ( 'NONE', #220, #1934 ) ;
#1650 = DIRECTION ( 'NONE',  ( 0.000000000000000000, 1.000000000000000000, 0.000000000000000000 ) ) ;
#1651 = ADVANCED_FACE ( 'NONE', ( #1517 ), #1904, .T. ) ;
#1652 = ORIENTED_EDGE ( 'NONE', *, *, #144, .F. ) ;
#1653 = DIRECTION ( 'NONE',  ( 1.000000000000000000, 0.000000000000000000, 0.000000000000000000 ) ) ;
#1654 = ORIENTED_EDGE ( 'NONE', *, *, #1534, .T. ) ;
#1655 = PLANE ( 'NONE',  #1575 ) ;
#1656 = VERTEX_POINT ( 'NONE', #2049 ) ;
#1657 = DIRECTION ( 'NONE',  ( 0.000000000000000000, 0.000000000000000000, 1.000000000000000000 ) ) ;
#1658 = CARTESIAN_POINT ( 'NONE',  ( -2.500000000000002220, 9.500000000000001776, 5.400000000000000355 ) ) ;
#1659 = LINE ( 'NONE', #439, #2119 ) ;
#1660 = ORIENTED_EDGE ( 'NONE', *, *, #2125, .T. ) ;
#1661 = ADVANCED_FACE ( 'NONE', ( #2215 ), #482, .F. ) ;
#1662 = CARTESIAN_POINT ( 'NONE',  ( -2.500000000000000444, 0.000000000000000000, -7.400000000000000355 ) ) ;
#1663 = CARTESIAN_POINT ( 'NONE',  ( -6.500000000000000888, 2.099999999999999201, -4.400000000000000355 ) ) ;
#1664 = ORIENTED_EDGE ( 'NONE', *, *, #158, .F. ) ;
#1665 = CARTESIAN_POINT ( 'NONE',  ( -6.500000000000000888, 3.799999999999999378, 4.399999999999998579 ) ) ;
#1666 = LINE ( 'NONE', #657, #1160 ) ;
#1667 = CARTESIAN_POINT ( 'NONE',  ( -24.20000000000000639, 11.50000000000000000, -7.400000000000000355 ) ) ;
#1668 = ORIENTED_EDGE ( 'NONE', *, *, #584, .F. ) ;
#1669 = PLANE ( 'NONE',  #236 ) ;
#1670 = APPROVAL ( #244, 'UNSPECIFIED' ) ;
#1671 = ADVANCED_FACE ( 'NONE', ( #1881 ), #997, .T. ) ;
#1672 = VECTOR ( 'NONE', #2224, 1000.000000000000000 ) ;
#1673 = LINE ( 'NONE', #588, #443 ) ;
#1674 = EDGE_CURVE ( 'NONE', #488, #1656, #2061, .T. ) ;
#1675 = ORIENTED_EDGE ( 'NONE', *, *, #908, .F. ) ;
#1676 = LINE ( 'NONE', #1308, #2222 ) ;
#1677 = CIRCLE ( 'NONE', #2, 4.999999999999997335 ) ;
#1678 = AXIS2_PLACEMENT_3D ( 'NONE', #636, #467, #1162 ) ;
#1679 = CARTESIAN_POINT ( 'NONE',  ( -23.78843544106869246, 13.50000000000000000, 5.400000000000000355 ) ) ;
#1680 = PLANE ( 'NONE',  #1678 ) ;
#1681 = VECTOR ( 'NONE', #1366, 1000.000000000000000 ) ;
#1682 = VECTOR ( 'NONE', #1699, 1000.000000000000000 ) ;
#1683 = ORIENTED_EDGE ( 'NONE', *, *, #1762, .F. ) ;
#1684 = VERTEX_POINT ( 'NONE', #2130 ) ;
#1685 = AXIS2_PLACEMENT_3D ( 'NONE', #1433, #2121, #1226 ) ;
#1686 = CARTESIAN_POINT ( 'NONE',  ( 2.499999999999998668, 2.099999999999999645, -4.400000000000000355 ) ) ;
#1687 = EDGE_CURVE ( 'NONE', #159, #654, #846, .T. ) ;
#1688 = VECTOR ( 'NONE', #42, 1000.000000000000000 ) ;
#1689 = EDGE_LOOP ( 'NONE', ( #1479, #770, #1535, #2136, #2179, #1632, #1919, #1448, #639, #337, #830, #1475, #1956, #906, #851, #1119, #1586, #883, #1968, #606, #785, #1389, #916, #1333 ) ) ;
#1690 = LINE ( 'NONE', #1855, #1943 ) ;
#1691 = EDGE_CURVE ( 'NONE', #711, #964, #1043, .T. ) ;
#1692 = ORIENTED_EDGE ( 'NONE', *, *, #1440, .T. ) ;
#1693 = LINE ( 'NONE', #789, #2116 ) ;
#1694 = DIRECTION ( 'NONE',  ( 0.000000000000000000, 0.000000000000000000, -1.000000000000000000 ) ) ;
#1695 = CARTESIAN_POINT ( 'NONE',  ( -2.500000000000000444, 9.500000000000001776, 4.399999999999999467 ) ) ;
#1696 = VERTEX_POINT ( 'NONE', #1558 ) ;
#1697 = ORIENTED_EDGE ( 'NONE', *, *, #880, .T. ) ;
#1698 = DIRECTION ( 'NONE',  ( 1.000000000000000000, 0.000000000000000000, 0.000000000000000000 ) ) ;
#1699 = DIRECTION ( 'NONE',  ( -0.000000000000000000, -0.000000000000000000, 1.000000000000000000 ) ) ;
#1700 = VERTEX_POINT ( 'NONE', #1754 ) ;
#1701 = CARTESIAN_POINT ( 'NONE',  ( -6.500000000000000888, 9.500000000000001776, -4.399999999999997691 ) ) ;
#1702 = ORIENTED_EDGE ( 'NONE', *, *, #1052, .F. ) ;
#1703 = CARTESIAN_POINT ( 'NONE',  ( -4.500000000000000888, 15.50000000000000000, 7.400000000000000355 ) ) ;
#1704 = FACE_BOUND ( 'NONE', #1339, .T. ) ;
#1705 = CARTESIAN_POINT ( 'NONE',  ( -4.500000000000000888, 15.50000000000000000, 7.400000000000000355 ) ) ;
#1706 = EDGE_LOOP ( 'NONE', ( #1383, #1878, #1755, #1768 ) ) ;
#1707 = ORIENTED_EDGE ( 'NONE', *, *, #1248, .T. ) ;
#1708 = PLANE ( 'NONE',  #625 ) ;
#1709 = ORIENTED_EDGE ( 'NONE', *, *, #8, .F. ) ;
#1710 = CARTESIAN_POINT ( 'NONE',  ( -6.500000000000000888, 13.50000000000000000, 4.399999999999999467 ) ) ;
#1711 = ORIENTED_EDGE ( 'NONE', *, *, #1125, .F. ) ;
#1712 = PLANE ( 'NONE',  #1639 ) ;
#1713 = LINE ( 'NONE', #481, #1757 ) ;
#1714 = PRODUCT_RELATED_PRODUCT_CATEGORY ( 'detail', '', ( #893 ) ) ;
#1715 = AXIS2_PLACEMENT_3D ( 'NONE', #1801, #1261, #1442 ) ;
#1716 = ORIENTED_EDGE ( 'NONE', *, *, #1361, .T. ) ;
#1717 = EDGE_CURVE ( 'NONE', #1797, #1277, #1381, .T. ) ;
#1718 = VERTEX_POINT ( 'NONE', #549 ) ;
#1719 = EDGE_CURVE ( 'NONE', #1358, #1114, #2098, .T. ) ;
#1720 = VECTOR ( 'NONE', #808, 1000.000000000000000 ) ;
#1721 = CARTESIAN_POINT ( 'NONE',  ( 2.499999999999998668, 0.000000000000000000, -7.400000000000000355 ) ) ;
#1722 = EDGE_LOOP ( 'NONE', ( #1262, #807, #1898, #633, #103, #1513, #471, #824, #70, #1692, #1571, #1054 ) ) ;
#1723 = FACE_OUTER_BOUND ( 'NONE', #1706, .T. ) ;
#1724 = VECTOR ( 'NONE', #2177, 1000.000000000000000 ) ;
#1725 = EDGE_CURVE ( 'NONE', #1420, #1982, #1775, .T. ) ;
#1726 = ORIENTED_EDGE ( 'NONE', *, *, #2229, .F. ) ;
#1727 = CARTESIAN_POINT ( 'NONE',  ( 6.499999999999999112, 9.500000000000000000, -5.400000000000000355 ) ) ;
#1728 = FACE_OUTER_BOUND ( 'NONE', #1252, .T. ) ;
#1729 = DIRECTION ( 'NONE',  ( 0.000000000000000000, 1.000000000000000000, -0.000000000000000000 ) ) ;
#1730 = EDGE_LOOP ( 'NONE', ( #225, #672, #1771, #259 ) ) ;
#1731 = ORIENTED_EDGE ( 'NONE', *, *, #350, .F. ) ;
#1732 = ADVANCED_FACE ( 'NONE', ( #682 ), #1927, .F. ) ;
#1733 = ADVANCED_FACE ( 'NONE', ( #858 ), #1260, .T. ) ;
#1734 = DIRECTION ( 'NONE',  ( 0.000000000000000000, 0.000000000000000000, -1.000000000000000000 ) ) ;
#1735 = EDGE_CURVE ( 'NONE', #1982, #206, #1397, .T. ) ;
#1736 = DIRECTION ( 'NONE',  ( 0.000000000000000000, 0.000000000000000000, -1.000000000000000000 ) ) ;
#1737 = ORIENTED_EDGE ( 'NONE', *, *, #199, .F. ) ;
#1738 = CARTESIAN_POINT ( 'NONE',  ( -23.78843544106869246, 2.099999999999999201, -5.400000000000000355 ) ) ;
#1739 = EDGE_LOOP ( 'NONE', ( #1163, #12, #1296, #2212 ) ) ;
#1740 = LINE ( 'NONE', #346, #468 ) ;
#1741 = DIRECTION ( 'NONE',  ( 8.659560562354932858E-17, 0.7071067811865474617, -0.7071067811865474617 ) ) ;
#1742 = CARTESIAN_POINT ( 'NONE',  ( -6.500000000000000888, 13.50000000000000000, -7.400000000000000355 ) ) ;
#1743 = LINE ( 'NONE', #181, #472 ) ;
#1744 = VERTEX_POINT ( 'NONE', #390 ) ;
#1745 = DIRECTION ( 'NONE',  ( 0.000000000000000000, 0.000000000000000000, -1.000000000000000000 ) ) ;
#1746 = CC_DESIGN_DATE_AND_TIME_ASSIGNMENT ( #1126, #1832, ( #1819 ) ) ;
#1747 = VERTEX_POINT ( 'NONE', #528 ) ;
#1748 = CARTESIAN_POINT ( 'NONE',  ( 6.499999999999999112, 13.50000000000000000, 5.400000000000000355 ) ) ;
#1749 = ADVANCED_FACE ( 'NONE', ( #1209 ), #1057, .F. ) ;
#1750 = VERTEX_POINT ( 'NONE', #1585 ) ;
#1751 = CARTESIAN_POINT ( 'NONE',  ( -28.50000000000000355, 15.50000000000000000, 0.000000000000000000 ) ) ;
#1752 = DIRECTION ( 'NONE',  ( 0.000000000000000000, 0.000000000000000000, 1.000000000000000000 ) ) ;
#1753 = VECTOR ( 'NONE', #178, 1000.000000000000000 ) ;
#1754 = CARTESIAN_POINT ( 'NONE',  ( 6.499999999999999112, 7.799999999999999822, 5.400000000000000355 ) ) ;
#1755 = ORIENTED_EDGE ( 'NONE', *, *, #44, .T. ) ;
#1756 = ORIENTED_EDGE ( 'NONE', *, *, #2052, .F. ) ;
#1757 = VECTOR ( 'NONE', #1174, 1000.000000000000000 ) ;
#1758 = CARTESIAN_POINT ( 'NONE',  ( -28.50000000000000355, 13.94999999999999751, 0.000000000000000000 ) ) ;
#1759 = VECTOR ( 'NONE', #619, 1000.000000000000000 ) ;
#1760 = DIRECTION ( 'NONE',  ( 1.000000000000000000, 0.000000000000000000, -0.000000000000000000 ) ) ;
#1761 = ORIENTED_EDGE ( 'NONE', *, *, #1920, .F. ) ;
#1762 = EDGE_CURVE ( 'NONE', #1787, #1405, #22, .T. ) ;
#1763 = LINE ( 'NONE', #1591, #578 ) ;
#1764 = CARTESIAN_POINT ( 'NONE',  ( -6.500000000000000888, 3.799999999999999378, -4.400000000000000355 ) ) ;
#1765 = VECTOR ( 'NONE', #1238, 1000.000000000000000 ) ;
#1766 = CARTESIAN_POINT ( 'NONE',  ( 2.499999999999998668, 3.799999999999999378, -4.400000000000000355 ) ) ;
#1767 = LINE ( 'NONE', #1952, #2043 ) ;
#1768 = ORIENTED_EDGE ( 'NONE', *, *, #171, .T. ) ;
#1769 = CARTESIAN_POINT ( 'NONE',  ( -6.500000000000000888, 9.499999999999998224, 7.399999999999999467 ) ) ;
#1770 = CARTESIAN_POINT ( 'NONE',  ( -28.50000000000000355, 15.50000000000000000, 0.000000000000000000 ) ) ;
#1771 = ORIENTED_EDGE ( 'NONE', *, *, #809, .T. ) ;
#1772 = CARTESIAN_POINT ( 'NONE',  ( -6.500000000000000888, 15.50000000000000000, -7.400000000000000355 ) ) ;
#1773 = DIRECTION ( 'NONE',  ( 0.000000000000000000, -0.000000000000000000, -1.000000000000000000 ) ) ;
#1774 = EDGE_CURVE ( 'NONE', #1158, #2079, #728, .T. ) ;
#1775 = LINE ( 'NONE', #881, #1208 ) ;
#1776 = CARTESIAN_POINT ( 'NONE',  ( 6.499999999999999112, 0.000000000000000000, -7.400000000000000355 ) ) ;
#1777 = ORIENTED_EDGE ( 'NONE', *, *, #379, .F. ) ;
#1778 = LINE ( 'NONE', #374, #232 ) ;
#1779 = CARTESIAN_POINT ( 'NONE',  ( -23.78843544106869246, 7.799999999999999822, -5.400000000000000355 ) ) ;
#1780 = VERTEX_POINT ( 'NONE', #2249 ) ;
#1781 = LINE ( 'NONE', #537, #691 ) ;
#1782 = VECTOR ( 'NONE', #582, 1000.000000000000000 ) ;
#1783 = CARTESIAN_POINT ( 'NONE',  ( -28.50000000000000355, 13.50000000000000000, -1.599999999999997202 ) ) ;
#1784 = CARTESIAN_POINT ( 'NONE',  ( -6.500000000000000888, 15.50000000000000000, 7.400000000000000355 ) ) ;
#1785 = ADVANCED_FACE ( 'NONE', ( #2084 ), #2108, .F. ) ;
#1786 = DIRECTION ( 'NONE',  ( 0.000000000000000000, -0.000000000000000000, -1.000000000000000000 ) ) ;
#1787 = VERTEX_POINT ( 'NONE', #1220 ) ;
#1788 = CLOSED_SHELL ( 'NONE', ( #2232, #2202, #2083, #1305, #562, #920, #1733, #1223, #736, #325, #473, #2137, #436, #2163, #850, #1268, #1102, #1436, #1037, #662, #1113, #21, #2038, #129, #1463, #1671, #1211, #1749, #895, #100, #1168, #311, #1271, #733, #1785, #1990, #1976, #1257, #517, #1822, #924, #33, #268, #458, #362, #1367, #1651, #1884, #1608, #338, #1489, #410, #1516, #1521, #1464, #622, #854, #1732, #197, #123, #719, #1661, #1450, #1958, #1410, #1947, #760 ) ) ;
#1789 = EDGE_CURVE ( 'NONE', #1193, #718, #538, .T. ) ;
#1790 = LINE ( 'NONE', #1930, #1060 ) ;
#1791 = VECTOR ( 'NONE', #2007, 1000.000000000000000 ) ;
#1792 = EDGE_CURVE ( 'NONE', #855, #429, #2171, .T. ) ;
#1793 = CARTESIAN_POINT ( 'NONE',  ( -6.500000000000000888, 3.799999999999999378, 4.399999999999998579 ) ) ;
#1794 = VECTOR ( 'NONE', #1933, 1000.000000000000000 ) ;
#1795 = VECTOR ( 'NONE', #2058, 1000.000000000000000 ) ;
#1796 = CARTESIAN_POINT ( 'NONE',  ( -2.500000000000000444, 7.799999999999999822, 5.400000000000000355 ) ) ;
#1797 = VERTEX_POINT ( 'NONE', #95 ) ;
#1798 = CARTESIAN_POINT ( 'NONE',  ( 2.499999999999998668, 0.000000000000000000, -5.400000000000000355 ) ) ;
#1799 = CARTESIAN_POINT ( 'NONE',  ( -28.50000000000000355, 13.50000000000000000, 0.000000000000000000 ) ) ;
#1800 = CARTESIAN_POINT ( 'NONE',  ( 2.499999999999998668, 9.499999999999998224, 7.399999999999999467 ) ) ;
#1801 = CARTESIAN_POINT ( 'NONE',  ( -6.500000000000000888, 15.50000000000000000, -7.400000000000000355 ) ) ;
#1802 = AXIS2_PLACEMENT_3D ( 'NONE', #1486, #1852, #966 ) ;
#1803 = ORIENTED_EDGE ( 'NONE', *, *, #797, .T. ) ;
#1804 = DIRECTION ( 'NONE',  ( 0.000000000000000000, -1.445602896647339410E-16, 1.000000000000000000 ) ) ;
#1805 = EDGE_CURVE ( 'NONE', #2068, #1135, #1811, .T. ) ;
#1806 = CARTESIAN_POINT ( 'NONE',  ( -4.500000000000000888, 0.000000000000000000, 5.400000000000000355 ) ) ;
#1807 = EDGE_CURVE ( 'NONE', #1124, #1277, #1986, .T. ) ;
#1808 = VERTEX_POINT ( 'NONE', #1281 ) ;
#1809 = PERSON_AND_ORGANIZATION ( #1598, #1274 ) ;
#1810 = FACE_OUTER_BOUND ( 'NONE', #1739, .T. ) ;
#1811 = LINE ( 'NONE', #1451, #1453 ) ;
#1812 = LINE ( 'NONE', #1419, #973 ) ;
#1813 = ORIENTED_EDGE ( 'NONE', *, *, #1627, .F. ) ;
#1814 = DIRECTION ( 'NONE',  ( 0.000000000000000000, -1.000000000000000000, 0.000000000000000000 ) ) ;
#1815 = ORIENTED_EDGE ( 'NONE', *, *, #389, .T. ) ;
#1816 = CARTESIAN_POINT ( 'NONE',  ( -32.50000000000000000, 15.50000000000000000, -7.400000000000000355 ) ) ;
#1817 = EDGE_CURVE ( 'NONE', #1435, #921, #1461, .T. ) ;
#1818 = VERTEX_POINT ( 'NONE', #613 ) ;
#1819 = PRODUCT_DEFINITION ( 'UNKNOWN', '', #281, #1547 ) ;
#1820 = PERSON_AND_ORGANIZATION ( #1598, #1274 ) ;
#1821 = DIRECTION ( 'NONE',  ( 0.000000000000000000, -1.000000000000000000, 0.000000000000000000 ) ) ;
#1822 = ADVANCED_FACE ( 'NONE', ( #404 ), #768, .T. ) ;
#1823 = DIRECTION ( 'NONE',  ( 0.000000000000000000, 1.445602896647339410E-16, -1.000000000000000000 ) ) ;
#1824 = CARTESIAN_POINT ( 'NONE',  ( -6.500000000000000888, 15.50000000000000000, -7.400000000000000355 ) ) ;
#1825 = ORIENTED_EDGE ( 'NONE', *, *, #246, .F. ) ;
#1826 = DIRECTION ( 'NONE',  ( 0.000000000000000000, -1.000000000000000000, -1.156482317317871528E-15 ) ) ;
#1827 =( GEOMETRIC_REPRESENTATION_CONTEXT ( 3 ) GLOBAL_UNCERTAINTY_ASSIGNED_CONTEXT ( ( #1939 ) ) GLOBAL_UNIT_ASSIGNED_CONTEXT ( ( #900, #2138, #49 ) ) REPRESENTATION_CONTEXT ( 'NONE', 'WORKASPACE' ) );
#1828 = ORIENTED_EDGE ( 'NONE', *, *, #2245, .T. ) ;
#1829 = PLANE ( 'NONE',  #1094 ) ;
#1830 = AXIS2_PLACEMENT_3D ( 'NONE', #2214, #258, #1130 ) ;
#1831 = ORIENTED_EDGE ( 'NONE', *, *, #771, .F. ) ;
#1832 = DATE_TIME_ROLE ( 'creation_date' ) ;
#1833 = CARTESIAN_POINT ( 'NONE',  ( -6.500000000000000888, 3.799999999999999378, 7.400000000000000355 ) ) ;
#1834 = AXIS2_PLACEMENT_3D ( 'NONE', #445, #2170, #601 ) ;
#1835 = EDGE_CURVE ( 'NONE', #1158, #79, #1092, .T. ) ;
#1836 = DIRECTION ( 'NONE',  ( 0.000000000000000000, -0.000000000000000000, 1.000000000000000000 ) ) ;
#1837 = CARTESIAN_POINT ( 'NONE',  ( -16.50000000000000000, 15.50000000000000000, -4.999999999999997335 ) ) ;
#1838 = AXIS2_PLACEMENT_3D ( 'NONE', #56, #1035, #196 ) ;
#1839 = ORIENTED_EDGE ( 'NONE', *, *, #892, .T. ) ;
#1840 = FACE_OUTER_BOUND ( 'NONE', #1022, .T. ) ;
#1841 = VECTOR ( 'NONE', #1653, 1000.000000000000000 ) ;
#1842 = VERTEX_POINT ( 'NONE', #1291 ) ;
#1843 = DIRECTION ( 'NONE',  ( -0.000000000000000000, 1.000000000000000000, 0.000000000000000000 ) ) ;
#1844 = VERTEX_POINT ( 'NONE', #1783 ) ;
#1845 = DIRECTION ( 'NONE',  ( 0.000000000000000000, 0.000000000000000000, 1.000000000000000000 ) ) ;
#1846 = FACE_OUTER_BOUND ( 'NONE', #1352, .T. ) ;
#1847 = CARTESIAN_POINT ( 'NONE',  ( -6.500000000000000888, 0.000000000000000000, 7.400000000000000355 ) ) ;
#1848 = EDGE_CURVE ( 'NONE', #2223, #654, #2182, .T. ) ;
#1849 = VERTEX_POINT ( 'NONE', #2018 ) ;
#1850 = DIRECTION ( 'NONE',  ( 0.000000000000000000, -0.000000000000000000, 1.000000000000000000 ) ) ;
#1851 = EDGE_CURVE ( 'NONE', #1780, #1953, #602, .T. ) ;
#1852 = DIRECTION ( 'NONE',  ( 0.000000000000000000, -1.000000000000000000, -0.000000000000000000 ) ) ;
#1853 = CARTESIAN_POINT ( 'NONE',  ( 6.499999999999999112, 9.499999999999998224, 7.399999999999999467 ) ) ;
#1854 = ORIENTED_EDGE ( 'NONE', *, *, #781, .T. ) ;
#1855 = CARTESIAN_POINT ( 'NONE',  ( 6.499999999999999112, -3.673940397442061840E-16, -4.399999999999999467 ) ) ;
#1856 = CARTESIAN_POINT ( 'NONE',  ( -2.500000000000000444, 12.50000000000000000, -7.400000000000000355 ) ) ;
#1857 = DIRECTION ( 'NONE',  ( -0.000000000000000000, -1.000000000000000000, -0.000000000000000000 ) ) ;
#1858 = EDGE_CURVE ( 'NONE', #1549, #1348, #1649, .T. ) ;
#1859 = VERTEX_POINT ( 'NONE', #65 ) ;
#1860 = ORIENTED_EDGE ( 'NONE', *, *, #1192, .T. ) ;
#1861 = EDGE_CURVE ( 'NONE', #1003, #282, #247, .T. ) ;
#1862 = DIRECTION ( 'NONE',  ( -0.000000000000000000, -1.000000000000000000, -0.000000000000000000 ) ) ;
#1863 = VECTOR ( 'NONE', #747, 1000.000000000000000 ) ;
#1864 = LINE ( 'NONE', #1188, #979 ) ;
#1865 = VERTEX_POINT ( 'NONE', #1617 ) ;
#1866 = LINE ( 'NONE', #2201, #262 ) ;
#1867 = VECTOR ( 'NONE', #938, 1000.000000000000000 ) ;
#1868 = VECTOR ( 'NONE', #1650, 1000.000000000000000 ) ;
#1869 = DIRECTION ( 'NONE',  ( 1.000000000000000000, -0.000000000000000000, 0.000000000000000000 ) ) ;
#1870 = DIRECTION ( 'NONE',  ( -0.000000000000000000, 1.000000000000000000, -0.000000000000000000 ) ) ;
#1871 = VECTOR ( 'NONE', #1141, 1000.000000000000000 ) ;
#1872 = EDGE_LOOP ( 'NONE', ( #638, #2174, #838, #2158 ) ) ;
#1873 = VERTEX_POINT ( 'NONE', #52 ) ;
#1874 = CARTESIAN_POINT ( 'NONE',  ( 6.499999999999999112, 9.500000000000000000, -4.400000000000000355 ) ) ;
#1875 = EDGE_CURVE ( 'NONE', #987, #1156, #87, .T. ) ;
#1876 = ORIENTED_EDGE ( 'NONE', *, *, #952, .F. ) ;
#1877 = LINE ( 'NONE', #510, #372 ) ;
#1878 = ORIENTED_EDGE ( 'NONE', *, *, #230, .T. ) ;
#1879 = DIRECTION ( 'NONE',  ( 1.000000000000000000, 0.000000000000000000, 0.000000000000000000 ) ) ;
#1880 = CARTESIAN_POINT ( 'NONE',  ( -4.500000000000001776, 3.799999999999999378, 4.399999999999998579 ) ) ;
#1881 = FACE_OUTER_BOUND ( 'NONE', #1088, .T. ) ;
#1882 = ORIENTED_EDGE ( 'NONE', *, *, #2209, .T. ) ;
#1883 = ORIENTED_EDGE ( 'NONE', *, *, #2028, .T. ) ;
#1884 = ADVANCED_FACE ( 'NONE', ( #2140 ), #1995, .T. ) ;
#1885 = LINE ( 'NONE', #1178, #1682 ) ;
#1886 = ORIENTED_EDGE ( 'NONE', *, *, #784, .F. ) ;
#1887 = LOCAL_TIME ( 23, 16, 5.000000000000000000, #402 ) ;
#1888 = CALENDAR_DATE ( 2026, 5, 5 ) ;
#1889 = CARTESIAN_POINT ( 'NONE',  ( 6.499999999999999112, -3.673940397442061840E-16, -4.399999999999999467 ) ) ;
#1890 = ORIENTED_EDGE ( 'NONE', *, *, #1931, .T. ) ;
#1891 = EDGE_CURVE ( 'NONE', #17, #594, #1129, .T. ) ;
#1892 = DIRECTION ( 'NONE',  ( -0.000000000000000000, 1.000000000000000000, 0.000000000000000000 ) ) ;
#1893 = VERTEX_POINT ( 'NONE', #749 ) ;
#1894 = ORIENTED_EDGE ( 'NONE', *, *, #1835, .T. ) ;
#1895 = DIRECTION ( 'NONE',  ( 1.000000000000000000, -0.000000000000000000, -0.000000000000000000 ) ) ;
#1896 = FACE_OUTER_BOUND ( 'NONE', #2205, .T. ) ;
#1897 = AXIS2_PLACEMENT_3D ( 'NONE', #257, #1482, #1971 ) ;
#1898 = ORIENTED_EDGE ( 'NONE', *, *, #1789, .F. ) ;
#1899 = DIRECTION ( 'NONE',  ( 0.000000000000000000, -1.000000000000000000, 0.000000000000000000 ) ) ;
#1900 = ORIENTED_EDGE ( 'NONE', *, *, #2192, .F. ) ;
#1901 = LINE ( 'NONE', #726, #147 ) ;
#1902 = CARTESIAN_POINT ( 'NONE',  ( -2.500000000000000444, 3.799999999999999378, 5.400000000000000355 ) ) ;
#1903 = EDGE_CURVE ( 'NONE', #79, #218, #949, .T. ) ;
#1904 = PLANE ( 'NONE',  #1020 ) ;
#1905 = VERTEX_POINT ( 'NONE', #1658 ) ;
#1906 = ORIENTED_EDGE ( 'NONE', *, *, #1439, .F. ) ;
#1907 = VECTOR ( 'NONE', #957, 1000.000000000000000 ) ;
#1908 = DIRECTION ( 'NONE',  ( 0.000000000000000000, 0.000000000000000000, 1.000000000000000000 ) ) ;
#1909 = VECTOR ( 'NONE', #1538, 1000.000000000000000 ) ;
#1910 = ORIENTED_EDGE ( 'NONE', *, *, #1691, .F. ) ;
#1911 = CARTESIAN_POINT ( 'NONE',  ( 2.499999999999998668, 13.50000000000000178, 4.399999999999999467 ) ) ;
#1912 = VECTOR ( 'NONE', #631, 1000.000000000000000 ) ;
#1913 = ORIENTED_EDGE ( 'NONE', *, *, #555, .F. ) ;
#1914 = DIRECTION ( 'NONE',  ( 0.000000000000000000, -1.000000000000000000, 0.000000000000000000 ) ) ;
#1915 = LINE ( 'NONE', #1032, #112 ) ;
#1916 = CARTESIAN_POINT ( 'NONE',  ( 6.499999999999999112, 2.099999999999999645, 4.399999999999998579 ) ) ;
#1917 = VERTEX_POINT ( 'NONE', #1628 ) ;
#1918 = EDGE_CURVE ( 'NONE', #305, #1301, #2150, .T. ) ;
#1919 = ORIENTED_EDGE ( 'NONE', *, *, #1241, .T. ) ;
#1920 = EDGE_CURVE ( 'NONE', #929, #2045, #76, .T. ) ;
#1921 = DIRECTION ( 'NONE',  ( 0.000000000000000000, -1.445602896647339410E-16, 1.000000000000000000 ) ) ;
#1922 = EDGE_LOOP ( 'NONE', ( #1643, #2255, #837, #1024, #1064 ) ) ;
#1923 = DIRECTION ( 'NONE',  ( -1.000000000000000000, 0.000000000000000000, -0.000000000000000000 ) ) ;
#1924 = EDGE_LOOP ( 'NONE', ( #32, #401, #345, #115 ) ) ;
#1925 = FACE_OUTER_BOUND ( 'NONE', #1355, .T. ) ;
#1926 = DIRECTION ( 'NONE',  ( 0.000000000000000000, -1.000000000000000000, 0.000000000000000000 ) ) ;
#1927 = PLANE ( 'NONE',  #121 ) ;
#1928 = ORIENTED_EDGE ( 'NONE', *, *, #1285, .T. ) ;
#1929 = VERTEX_POINT ( 'NONE', #117 ) ;
#1930 = CARTESIAN_POINT ( 'NONE',  ( -6.500000000000000888, 0.000000000000000000, 7.400000000000000355 ) ) ;
#1931 = EDGE_CURVE ( 'NONE', #1656, #60, #1004, .T. ) ;
#1932 = ORIENTED_EDGE ( 'NONE', *, *, #1080, .T. ) ;
#1933 = DIRECTION ( 'NONE',  ( 0.000000000000000000, 1.156482317317871528E-15, -1.000000000000000000 ) ) ;
#1934 = VECTOR ( 'NONE', #1107, 1000.000000000000000 ) ;
#1935 = ORIENTED_EDGE ( 'NONE', *, *, #788, .T. ) ;
#1936 = CARTESIAN_POINT ( 'NONE',  ( 2.499999999999998668, 7.799999999999999822, 5.400000000000000355 ) ) ;
#1937 = LINE ( 'NONE', #1231, #1131 ) ;
#1938 = VECTOR ( 'NONE', #1041, 1000.000000000000000 ) ;
#1939 = UNCERTAINTY_MEASURE_WITH_UNIT (LENGTH_MEASURE( 1.000000000000000082E-05 ), #900, 'distance_accuracy_value', 'NONE');
#1940 = DIRECTION ( 'NONE',  ( 0.000000000000000000, 1.000000000000000000, 0.000000000000000000 ) ) ;
#1941 = ORIENTED_EDGE ( 'NONE', *, *, #2067, .T. ) ;
#1942 = ORIENTED_EDGE ( 'NONE', *, *, #1674, .T. ) ;
#1943 = VECTOR ( 'NONE', #2015, 1000.000000000000000 ) ;
#1944 = CARTESIAN_POINT ( 'NONE',  ( 6.499999999999999112, 7.799999999999999822, -5.400000000000000355 ) ) ;
#1945 = AXIS2_PLACEMENT_3D ( 'NONE', #843, #2078, #1541 ) ;
#1946 = LINE ( 'NONE', #1577, #1013 ) ;
#1947 = ADVANCED_FACE ( 'NONE', ( #1846 ), #1712, .F. ) ;
#1948 = EDGE_LOOP ( 'NONE', ( #371, #1828, #1303, #2010 ) ) ;
#1949 = LINE ( 'NONE', #201, #1123 ) ;
#1950 = PLANE ( 'NONE',  #1978 ) ;
#1951 = DIRECTION ( 'NONE',  ( 0.000000000000000000, -0.000000000000000000, -1.000000000000000000 ) ) ;
#1952 = CARTESIAN_POINT ( 'NONE',  ( -23.78843544106869246, 3.799999999999999378, 5.400000000000000355 ) ) ;
#1953 = VERTEX_POINT ( 'NONE', #2046 ) ;
#1954 = FACE_OUTER_BOUND ( 'NONE', #1008, .T. ) ;
#1955 = CARTESIAN_POINT ( 'NONE',  ( -2.500000000000000444, 9.499999999999998224, 7.399999999999999467 ) ) ;
#1956 = ORIENTED_EDGE ( 'NONE', *, *, #1006, .T. ) ;
#1957 = DIRECTION ( 'NONE',  ( 0.000000000000000000, -1.445602896647339410E-16, 1.000000000000000000 ) ) ;
#1958 = ADVANCED_FACE ( 'NONE', ( #323 ), #628, .F. ) ;
#1959 = CC_DESIGN_APPROVAL ( #951, ( #1819 ) ) ;
#1960 = EDGE_CURVE ( 'NONE', #431, #282, #1544, .T. ) ;
#1961 = DIRECTION ( 'NONE',  ( 0.000000000000000000, 0.000000000000000000, -1.000000000000000000 ) ) ;
#1962 = DIRECTION ( 'NONE',  ( 1.000000000000000000, 0.000000000000000000, 0.000000000000000000 ) ) ;
#1963 = VERTEX_POINT ( 'NONE', #819 ) ;
#1964 = LINE ( 'NONE', #1455, #659 ) ;
#1965 = EDGE_CURVE ( 'NONE', #153, #1176, #1143, .T. ) ;
#1966 = DIRECTION ( 'NONE',  ( 0.000000000000000000, 0.000000000000000000, -1.000000000000000000 ) ) ;
#1967 = CARTESIAN_POINT ( 'NONE',  ( -6.500000000000000888, 9.500000000000001776, 4.399999999999999467 ) ) ;
#1968 = ORIENTED_EDGE ( 'NONE', *, *, #485, .F. ) ;
#1969 = APPROVAL_STATUS ( 'not_yet_approved' ) ;
#1970 = LINE ( 'NONE', #50, #1011 ) ;
#1971 = DIRECTION ( 'NONE',  ( 1.000000000000000000, 0.000000000000000000, -0.000000000000000000 ) ) ;
#1972 = LINE ( 'NONE', #66, #688 ) ;
#1973 = EDGE_CURVE ( 'NONE', #519, #1893, #802, .T. ) ;
#1974 = VERTEX_POINT ( 'NONE', #644 ) ;
#1975 = CIRCLE ( 'NONE', #508, 4.999999999999997335 ) ;
#1976 = ADVANCED_FACE ( 'NONE', ( #635 ), #456, .T. ) ;
#1977 = CARTESIAN_POINT ( 'NONE',  ( -6.500000000000000888, 9.500000000000001776, -4.399999999999997691 ) ) ;
#1978 = AXIS2_PLACEMENT_3D ( 'NONE', #30, #381, #1773 ) ;
#1979 = CARTESIAN_POINT ( 'NONE',  ( -28.50000000000000355, 15.50000000000000000, 0.000000000000000000 ) ) ;
#1980 = AXIS2_PLACEMENT_3D ( 'NONE', #2066, #690, #1390 ) ;
#1981 = AXIS2_PLACEMENT_3D ( 'NONE', #2090, #1736, #497 ) ;
#1982 = VERTEX_POINT ( 'NONE', #1161 ) ;
#1983 = PERSON_AND_ORGANIZATION ( #1598, #1274 ) ;
#1984 = PLANE ( 'NONE',  #2155 ) ;
#1985 = CIRCLE ( 'NONE', #1171, 1.599999999999997202 ) ;
#1986 = LINE ( 'NONE', #758, #1604 ) ;
#1987 = CARTESIAN_POINT ( 'NONE',  ( 6.499999999999999112, 3.799999999999999378, -4.400000000000000355 ) ) ;
#1988 = ORIENTED_EDGE ( 'NONE', *, *, #224, .T. ) ;
#1989 = PLANE ( 'NONE',  #2126 ) ;
#1990 = ADVANCED_FACE ( 'NONE', ( #279 ), #1342, .T. ) ;
#1991 = LINE ( 'NONE', #1816, #1907 ) ;
#1992 = ORIENTED_EDGE ( 'NONE', *, *, #379, .T. ) ;
#1993 = CARTESIAN_POINT ( 'NONE',  ( -16.50000000000000000, 0.000000000000000000, -1.925929944387235853E-31 ) ) ;
#1994 = FACE_OUTER_BOUND ( 'NONE', #1872, .T. ) ;
#1995 = PLANE ( 'NONE',  #145 ) ;
#1996 = DIRECTION ( 'NONE',  ( 1.000000000000000000, 0.000000000000000000, 0.000000000000000000 ) ) ;
#1997 = CC_DESIGN_APPROVAL ( #1670, ( #281 ) ) ;
#1998 = ORIENTED_EDGE ( 'NONE', *, *, #569, .F. ) ;
#1999 = LINE ( 'NONE', #1977, #340 ) ;
#2000 = VERTEX_POINT ( 'NONE', #448 ) ;
#2001 = FACE_OUTER_BOUND ( 'NONE', #804, .T. ) ;
#2002 = EDGE_CURVE ( 'NONE', #814, #1718, #138, .T. ) ;
#2003 = EDGE_LOOP ( 'NONE', ( #1777, #2039, #495, #1109 ) ) ;
#2004 = MECHANICAL_CONTEXT ( 'NONE', #1012, 'mechanical' ) ;
#2005 = FACE_OUTER_BOUND ( 'NONE', #2071, .T. ) ;
#2006 = DIRECTION ( 'NONE',  ( 0.000000000000000000, -1.445602896647339163E-16, 1.000000000000000000 ) ) ;
#2007 = DIRECTION ( 'NONE',  ( 0.000000000000000000, 0.000000000000000000, -1.000000000000000000 ) ) ;
#2008 = ORIENTED_EDGE ( 'NONE', *, *, #1335, .F. ) ;
#2009 = DIRECTION ( 'NONE',  ( 0.000000000000000000, 1.156482317317871528E-15, -1.000000000000000000 ) ) ;
#2010 = ORIENTED_EDGE ( 'NONE', *, *, #1063, .T. ) ;
#2011 = DIRECTION ( 'NONE',  ( 1.000000000000000000, -0.000000000000000000, -0.000000000000000000 ) ) ;
#2012 = VECTOR ( 'NONE', #834, 1000.000000000000000 ) ;
#2013 = VERTEX_POINT ( 'NONE', #995 ) ;
#2014 = EDGE_CURVE ( 'NONE', #2164, #415, #960, .T. ) ;
#2015 = DIRECTION ( 'NONE',  ( -0.000000000000000000, -1.000000000000000000, 4.130293990420970376E-16 ) ) ;
#2016 = AXIS2_PLACEMENT_3D ( 'NONE', #1190, #735, #1760 ) ;
#2017 = EDGE_CURVE ( 'NONE', #2079, #2013, #1666, .T. ) ;
#2018 = CARTESIAN_POINT ( 'NONE',  ( -28.50000000000000355, 13.94999999999999751, -1.599999999999997202 ) ) ;
#2019 = DIRECTION ( 'NONE',  ( 0.000000000000000000, 1.000000000000000000, 0.000000000000000000 ) ) ;
#2020 = ORIENTED_EDGE ( 'NONE', *, *, #1446, .F. ) ;
#2021 = CARTESIAN_POINT ( 'NONE',  ( 2.499999999999998668, 7.799999999999999822, -7.400000000000000355 ) ) ;
#2022 = AXIS2_PLACEMENT_3D ( 'NONE', #1967, #400, #1087 ) ;
#2023 = LINE ( 'NONE', #1853, #301 ) ;
#2024 = ORIENTED_EDGE ( 'NONE', *, *, #1026, .F. ) ;
#2025 = LINE ( 'NONE', #1153, #227 ) ;
#2026 = DIRECTION ( 'NONE',  ( 0.000000000000000000, 0.000000000000000000, 1.000000000000000000 ) ) ;
#2027 = LINE ( 'NONE', #131, #222 ) ;
#2028 = EDGE_CURVE ( 'NONE', #1348, #2185, #1693, .T. ) ;
#2029 = ORIENTED_EDGE ( 'NONE', *, *, #460, .F. ) ;
#2030 = ORIENTED_EDGE ( 'NONE', *, *, #1375, .T. ) ;
#2031 = DIRECTION ( 'NONE',  ( 1.000000000000000000, -0.000000000000000000, -0.000000000000000000 ) ) ;
#2032 = ORIENTED_EDGE ( 'NONE', *, *, #1241, .F. ) ;
#2033 = DATE_AND_TIME ( #299, #27 ) ;
#2034 = LINE ( 'NONE', #127, #1243 ) ;
#2035 = DIRECTION ( 'NONE',  ( 0.000000000000000000, 1.000000000000000000, 0.000000000000000000 ) ) ;
#2036 = CARTESIAN_POINT ( 'NONE',  ( 6.499999999999999112, 0.000000000000000000, 5.400000000000000355 ) ) ;
#2037 = ORIENTED_EDGE ( 'NONE', *, *, #2242, .F. ) ;
#2038 = ADVANCED_FACE ( 'NONE', ( #466, #130 ), #1173, .F. ) ;
#2039 = ORIENTED_EDGE ( 'NONE', *, *, #2055, .T. ) ;
#2040 = LINE ( 'NONE', #474, #1909 ) ;
#2041 = ORIENTED_EDGE ( 'NONE', *, *, #1073, .T. ) ;
#2042 = FACE_OUTER_BOUND ( 'NONE', #1722, .T. ) ;
#2043 = VECTOR ( 'NONE', #1996, 1000.000000000000000 ) ;
#2044 = VECTOR ( 'NONE', #88, 1000.000000000000000 ) ;
#2045 = VERTEX_POINT ( 'NONE', #2203 ) ;
#2046 = CARTESIAN_POINT ( 'NONE',  ( -24.20000000000000639, 11.50000000000000000, 7.400000000000000355 ) ) ;
#2047 = DIRECTION ( 'NONE',  ( 0.000000000000000000, 0.000000000000000000, 1.000000000000000000 ) ) ;
#2048 = VECTOR ( 'NONE', #598, 1000.000000000000000 ) ;
#2049 = CARTESIAN_POINT ( 'NONE',  ( -4.500000000000001776, 7.799999999999999822, 4.399999999999998579 ) ) ;
#2050 = ORIENTED_EDGE ( 'NONE', *, *, #1239, .F. ) ;
#2051 = VERTEX_POINT ( 'NONE', #1356 ) ;
#2052 = EDGE_CURVE ( 'NONE', #108, #814, #811, .T. ) ;
#2053 = VECTOR ( 'NONE', #1745, 1000.000000000000000 ) ;
#2054 = LINE ( 'NONE', #148, #732 ) ;
#2055 = EDGE_CURVE ( 'NONE', #1974, #2051, #492, .T. ) ;
#2056 = ORIENTED_EDGE ( 'NONE', *, *, #1239, .T. ) ;
#2057 = DATE_TIME_ROLE ( 'classification_date' ) ;
#2058 = DIRECTION ( 'NONE',  ( 1.000000000000000000, 0.000000000000000000, 0.000000000000000000 ) ) ;
#2059 = ORIENTED_EDGE ( 'NONE', *, *, #2123, .T. ) ;
#2060 = DIRECTION ( 'NONE',  ( 0.000000000000000000, 0.000000000000000000, -1.000000000000000000 ) ) ;
#2061 = LINE ( 'NONE', #823, #341 ) ;
#2062 = ORIENTED_EDGE ( 'NONE', *, *, #242, .T. ) ;
#2063 = ORIENTED_EDGE ( 'NONE', *, *, #1502, .T. ) ;
#2064 = CARTESIAN_POINT ( 'NONE',  ( -6.500000000000000888, -3.673940397442061840E-16, -4.399999999999999467 ) ) ;
#2065 = ORIENTED_EDGE ( 'NONE', *, *, #1848, .T. ) ;
#2066 = CARTESIAN_POINT ( 'NONE',  ( -16.50000000000000000, 13.50000000000000000, -1.925929944387235853E-31 ) ) ;
#2067 = EDGE_CURVE ( 'NONE', #718, #1873, #1949, .T. ) ;
#2068 = VERTEX_POINT ( 'NONE', #526 ) ;
#2069 = LINE ( 'NONE', #37, #1753 ) ;
#2070 = DIRECTION ( 'NONE',  ( -0.000000000000000000, 1.000000000000000000, -0.000000000000000000 ) ) ;
#2071 = EDGE_LOOP ( 'NONE', ( #656, #1187, #665, #1414 ) ) ;
#2072 = ORIENTED_EDGE ( 'NONE', *, *, #1195, .F. ) ;
#2073 = LINE ( 'NONE', #840, #418 ) ;
#2074 = CARTESIAN_POINT ( 'NONE',  ( -28.50000000000000355, 13.50000000000000000, 0.000000000000000000 ) ) ;
#2075 = EDGE_CURVE ( 'NONE', #312, #1124, #1740, .T. ) ;
#2076 = AXIS2_PLACEMENT_3D ( 'NONE', #1856, #154, #833 ) ;
#2077 = ORIENTED_EDGE ( 'NONE', *, *, #1364, .T. ) ;
#2078 = DIRECTION ( 'NONE',  ( 0.000000000000000000, -0.000000000000000000, 1.000000000000000000 ) ) ;
#2079 = VERTEX_POINT ( 'NONE', #878 ) ;
#2080 = DIRECTION ( 'NONE',  ( -1.000000000000000000, -0.000000000000000000, -0.000000000000000000 ) ) ;
#2081 = DIRECTION ( 'NONE',  ( 0.000000000000000000, 1.000000000000000000, 0.000000000000000000 ) ) ;
#2082 = VECTOR ( 'NONE', #2081, 1000.000000000000000 ) ;
#2083 = ADVANCED_FACE ( 'NONE', ( #1031 ), #380, .F. ) ;
#2084 = FACE_OUTER_BOUND ( 'NONE', #1948, .T. ) ;
#2085 = ORIENTED_EDGE ( 'NONE', *, *, #406, .T. ) ;
#2086 = VECTOR ( 'NONE', #26, 1000.000000000000000 ) ;
#2087 = ORIENTED_EDGE ( 'NONE', *, *, #771, .T. ) ;
#2088 = VECTOR ( 'NONE', #687, 1000.000000000000000 ) ;
#2089 = LINE ( 'NONE', #1213, #909 ) ;
#2090 = CARTESIAN_POINT ( 'NONE',  ( -6.500000000000000888, 15.50000000000000000, 7.400000000000000355 ) ) ;
#2091 = VECTOR ( 'NONE', #541, 1000.000000000000000 ) ;
#2092 = VERTEX_POINT ( 'NONE', #356 ) ;
#2093 = CARTESIAN_POINT ( 'NONE',  ( -32.50000000000000000, 13.50000000000000000, -7.400000000000000355 ) ) ;
#2094 = AXIS2_PLACEMENT_3D ( 'NONE', #1705, #2238, #141 ) ;
#2095 = ORIENTED_EDGE ( 'NONE', *, *, #1691, .T. ) ;
#2096 = LINE ( 'NONE', #189, #437 ) ;
#2097 = CARTESIAN_POINT ( 'NONE',  ( -6.500000000000000888, 12.50000000000000000, 4.399999999999999467 ) ) ;
#2098 = LINE ( 'NONE', #192, #626 ) ;
#2099 = ORIENTED_EDGE ( 'NONE', *, *, #44, .F. ) ;
#2100 = EDGE_CURVE ( 'NONE', #1435, #1358, #1763, .T. ) ;
#2101 = ORIENTED_EDGE ( 'NONE', *, *, #242, .F. ) ;
#2102 = DIRECTION ( 'NONE',  ( 0.000000000000000000, 1.000000000000000000, -4.130293990420970869E-16 ) ) ;
#2103 = ORIENTED_EDGE ( 'NONE', *, *, #1851, .F. ) ;
#2104 = LINE ( 'NONE', #534, #336 ) ;
#2105 = ORIENTED_EDGE ( 'NONE', *, *, #839, .F. ) ;
#2106 = DIRECTION ( 'NONE',  ( 0.000000000000000000, 1.000000000000000000, 0.000000000000000000 ) ) ;
#2107 = DIRECTION ( 'NONE',  ( -0.000000000000000000, -1.000000000000000000, -0.000000000000000000 ) ) ;
#2108 = PLANE ( 'NONE',  #184 ) ;
#2109 = ORIENTED_EDGE ( 'NONE', *, *, #1395, .T. ) ;
#2110 = ORIENTED_EDGE ( 'NONE', *, *, #1960, .T. ) ;
#2111 = DIRECTION ( 'NONE',  ( 0.000000000000000000, -1.000000000000000000, 0.000000000000000000 ) ) ;
#2112 = PLANE ( 'NONE',  #1460 ) ;
#2113 = ORIENTED_EDGE ( 'NONE', *, *, #746, .F. ) ;
#2114 = DIRECTION ( 'NONE',  ( 0.000000000000000000, 1.000000000000000000, 0.000000000000000000 ) ) ;
#2115 = CARTESIAN_POINT ( 'NONE',  ( -16.50000000000000000, 15.50000000000000000, 4.999999999999997335 ) ) ;
#2116 = VECTOR ( 'NONE', #1323, 1000.000000000000114 ) ;
#2117 = DIRECTION ( 'NONE',  ( 0.000000000000000000, 0.000000000000000000, 1.000000000000000000 ) ) ;
#2118 = CARTESIAN_POINT ( 'NONE',  ( -2.500000000000000444, 2.099999999999999645, 4.399999999999998579 ) ) ;
#2119 = VECTOR ( 'NONE', #1694, 1000.000000000000000 ) ;
#2120 = EDGE_LOOP ( 'NONE', ( #877, #266, #55, #813 ) ) ;
#2121 = DIRECTION ( 'NONE',  ( 0.000000000000000000, -1.000000000000000000, 0.000000000000000000 ) ) ;
#2122 = VECTOR ( 'NONE', #744, 1000.000000000000000 ) ;
#2123 = EDGE_CURVE ( 'NONE', #67, #1193, #1901, .T. ) ;
#2124 = PLANE ( 'NONE',  #1387 ) ;
#2125 = EDGE_CURVE ( 'NONE', #206, #2251, #5, .T. ) ;
#2126 = AXIS2_PLACEMENT_3D ( 'NONE', #1273, #1826, #2009 ) ;
#2127 = ORIENTED_EDGE ( 'NONE', *, *, #1224, .F. ) ;
#2128 = DIRECTION ( 'NONE',  ( 0.000000000000000000, 1.000000000000000000, 0.000000000000000000 ) ) ;
#2129 = VECTOR ( 'NONE', #1698, 1000.000000000000000 ) ;
#2130 = CARTESIAN_POINT ( 'NONE',  ( -2.500000000000000444, 12.50000000000000000, 7.400000000000000355 ) ) ;
#2131 = CARTESIAN_POINT ( 'NONE',  ( 2.499999999999998668, 3.799999999999999378, 4.399999999999998579 ) ) ;
#2132 = ORIENTED_EDGE ( 'NONE', *, *, #994, .F. ) ;
#2133 = DIRECTION ( 'NONE',  ( -0.000000000000000000, -0.000000000000000000, 1.000000000000000000 ) ) ;
#2134 = CARTESIAN_POINT ( 'NONE',  ( -24.20000000000000639, 11.50000000000000000, 7.400000000000000355 ) ) ;
#2135 = PLANE ( 'NONE',  #2022 ) ;
#2136 = ORIENTED_EDGE ( 'NONE', *, *, #1125, .T. ) ;
#2137 = ADVANCED_FACE ( 'NONE', ( #1392 ), #1194, .T. ) ;
#2138 =( NAMED_UNIT ( * ) PLANE_ANGLE_UNIT ( ) SI_UNIT ( $, .RADIAN. ) );
#2139 = CARTESIAN_POINT ( 'NONE',  ( -6.500000000000000888, 3.800000000000001155, -7.400000000000000355 ) ) ;
#2140 = FACE_OUTER_BOUND ( 'NONE', #1081, .T. ) ;
#2141 = CARTESIAN_POINT ( 'NONE',  ( -6.500000000000000888, 13.50000000000000178, 4.399999999999999467 ) ) ;
#2142 = ORIENTED_EDGE ( 'NONE', *, *, #1394, .F. ) ;
#2143 = PLANE ( 'NONE',  #2198 ) ;
#2144 = LINE ( 'NONE', #577, #1313 ) ;
#2145 = ORIENTED_EDGE ( 'NONE', *, *, #1424, .F. ) ;
#2146 = LINE ( 'NONE', #1798, #1863 ) ;
#2147 = CARTESIAN_POINT ( 'NONE',  ( 6.499999999999999112, 2.099999999999999201, -4.400000000000000355 ) ) ;
#2148 = VECTOR ( 'NONE', #890, 1000.000000000000000 ) ;
#2149 = AXIS2_PLACEMENT_3D ( 'NONE', #1566, #888, #706 ) ;
#2150 = LINE ( 'NONE', #1637, #1782 ) ;
#2151 = LINE ( 'NONE', #2118, #1049 ) ;
#2152 = EDGE_CURVE ( 'NONE', #654, #981, #2069, .T. ) ;
#2153 = ORIENTED_EDGE ( 'NONE', *, *, #1361, .F. ) ;
#2154 = DIRECTION ( 'NONE',  ( 0.000000000000000000, -1.000000000000000000, 4.130293990420970869E-16 ) ) ;
#2155 = AXIS2_PLACEMENT_3D ( 'NONE', #62, #923, #1957 ) ;
#2156 = DIRECTION ( 'NONE',  ( 0.000000000000000000, 1.000000000000000000, 0.000000000000000000 ) ) ;
#2157 = AXIS2_PLACEMENT_3D ( 'NONE', #1833, #267, #947 ) ;
#2158 = ORIENTED_EDGE ( 'NONE', *, *, #1363, .T. ) ;
#2159 = CYLINDRICAL_SURFACE ( 'NONE', #363, 4.999999999999997335 ) ;
#2160 = DIRECTION ( 'NONE',  ( -0.000000000000000000, -5.782411586589357639E-16, 1.000000000000000000 ) ) ;
#2161 = CARTESIAN_POINT ( 'NONE',  ( -6.500000000000000888, 7.799999999999999822, 4.399999999999998579 ) ) ;
#2162 = LINE ( 'NONE', #39, #1240 ) ;
#2163 = ADVANCED_FACE ( 'NONE', ( #334 ), #694, .T. ) ;
#2164 = VERTEX_POINT ( 'NONE', #1727 ) ;
#2165 = EDGE_CURVE ( 'NONE', #2220, #1156, #1379, .T. ) ;
#2166 = CARTESIAN_POINT ( 'NONE',  ( -2.500000000000000444, 0.000000000000000000, 7.400000000000000355 ) ) ;
#2167 = CARTESIAN_POINT ( 'NONE',  ( 2.499999999999998668, 9.500000000000001776, 4.399999999999999467 ) ) ;
#2168 = EDGE_LOOP ( 'NONE', ( #2085, #1707 ) ) ;
#2169 = PERSON_AND_ORGANIZATION_ROLE ( 'creator' ) ;
#2170 = DIRECTION ( 'NONE',  ( 0.000000000000000000, 1.000000000000000000, 0.000000000000000000 ) ) ;
#2171 = LINE ( 'NONE', #937, #328 ) ;
#2172 = FACE_OUTER_BOUND ( 'NONE', #1058, .T. ) ;
#2173 = CC_DESIGN_SECURITY_CLASSIFICATION ( #1631, ( #281 ) ) ;
#2174 = ORIENTED_EDGE ( 'NONE', *, *, #406, .F. ) ;
#2175 = PLANE ( 'NONE',  #414 ) ;
#2176 = EDGE_CURVE ( 'NONE', #142, #273, #2096, .T. ) ;
#2177 = DIRECTION ( 'NONE',  ( -0.000000000000000000, -0.000000000000000000, -1.000000000000000000 ) ) ;
#2178 = LINE ( 'NONE', #285, #1132 ) ;
#2179 = ORIENTED_EDGE ( 'NONE', *, *, #1583, .F. ) ;
#2180 = APPROVAL_ROLE ( '' ) ;
#2181 = CARTESIAN_POINT ( 'NONE',  ( -2.500000000000002220, 3.799999999999999378, -5.400000000000000355 ) ) ;
#2182 = LINE ( 'NONE', #270, #73 ) ;
#2183 = CARTESIAN_POINT ( 'NONE',  ( -2.500000000000000444, 0.000000000000000000, 4.399999999999999467 ) ) ;
#2184 = VECTOR ( 'NONE', #1441, 1000.000000000000000 ) ;
#2185 = VERTEX_POINT ( 'NONE', #210 ) ;
#2186 = CARTESIAN_POINT ( 'NONE',  ( -32.50000000000000000, 0.000000000000000000, 0.000000000000000000 ) ) ;
#2187 = CARTESIAN_POINT ( 'NONE',  ( -6.500000000000000888, 2.099999999999999645, -4.400000000000000355 ) ) ;
#2188 = AXIS2_PLACEMENT_3D ( 'NONE', #1251, #1452, #213 ) ;
#2189 = VECTOR ( 'NONE', #1219, 1000.000000000000000 ) ;
#2190 = ORIENTED_EDGE ( 'NONE', *, *, #697, .T. ) ;
#2191 = CARTESIAN_POINT ( 'NONE',  ( -6.500000000000000888, -3.673940397442061840E-16, -4.399999999999999467 ) ) ;
#2192 = EDGE_CURVE ( 'NONE', #488, #921, #1218, .T. ) ;
#2193 = AXIS2_PLACEMENT_3D ( 'NONE', #676, #332, #1170 ) ;
#2194 = DIRECTION ( 'NONE',  ( 1.000000000000000000, -0.000000000000000000, -0.000000000000000000 ) ) ;
#2195 = LINE ( 'NONE', #629, #1868 ) ;
#2196 = AXIS2_PLACEMENT_3D ( 'NONE', #1662, #430, #1286 ) ;
#2197 = ORIENTED_EDGE ( 'NONE', *, *, #63, .T. ) ;
#2198 = AXIS2_PLACEMENT_3D ( 'NONE', #1641, #763, #1633 ) ;
#2199 = LINE ( 'NONE', #1663, #905 ) ;
#2200 = ORIENTED_EDGE ( 'NONE', *, *, #203, .T. ) ;
#2201 = CARTESIAN_POINT ( 'NONE',  ( 2.499999999999998668, 3.800000000000001155, -7.400000000000000355 ) ) ;
#2202 = ADVANCED_FACE ( 'NONE', ( #1925 ), #75, .F. ) ;
#2203 = CARTESIAN_POINT ( 'NONE',  ( -6.500000000000000888, 7.799999999999999822, 4.399999999999998579 ) ) ;
#2204 = CARTESIAN_POINT ( 'NONE',  ( -4.500000000000000888, 7.799999999999999822, 7.400000000000000355 ) ) ;
#2205 = EDGE_LOOP ( 'NONE', ( #1607, #2065, #1371, #298 ) ) ;
#2206 = EDGE_LOOP ( 'NONE', ( #586, #89, #1465, #523 ) ) ;
#2207 = LINE ( 'NONE', #663, #836 ) ;
#2208 = DIRECTION ( 'NONE',  ( 1.000000000000000000, 0.000000000000000000, -0.000000000000000000 ) ) ;
#2209 = EDGE_CURVE ( 'NONE', #233, #1550, #1230, .T. ) ;
#2210 = VERTEX_POINT ( 'NONE', #20 ) ;
#2211 = CARTESIAN_POINT ( 'NONE',  ( 2.499999999999998668, 12.50000000000000000, -7.400000000000000355 ) ) ;
#2212 = ORIENTED_EDGE ( 'NONE', *, *, #965, .F. ) ;
#2213 = CARTESIAN_POINT ( 'NONE',  ( -23.78843544106869246, 9.500000000000000000, -5.400000000000000355 ) ) ;
#2214 = CARTESIAN_POINT ( 'NONE',  ( -22.20000000000000284, 11.50000000000000000, 7.400000000000000355 ) ) ;
#2215 = FACE_OUTER_BOUND ( 'NONE', #2239, .T. ) ;
#2216 = ORIENTED_EDGE ( 'NONE', *, *, #864, .F. ) ;
#2217 = EDGE_CURVE ( 'NONE', #1929, #929, #2247, .T. ) ;
#2218 = ORIENTED_EDGE ( 'NONE', *, *, #822, .F. ) ;
#2219 = DIRECTION ( 'NONE',  ( -1.000000000000000000, 0.000000000000000000, -0.000000000000000000 ) ) ;
#2220 = VERTEX_POINT ( 'NONE', #1936 ) ;
#2221 = LINE ( 'NONE', #1015, #1426 ) ;
#2222 = VECTOR ( 'NONE', #116, 1000.000000000000000 ) ;
#2223 = VERTEX_POINT ( 'NONE', #367 ) ;
#2224 = DIRECTION ( 'NONE',  ( 0.000000000000000000, 1.000000000000000000, 0.000000000000000000 ) ) ;
#2225 = LINE ( 'NONE', #2248, #2082 ) ;
#2226 = AXIS2_PLACEMENT_3D ( 'NONE', #1979, #1425, #1612 ) ;
#2227 = ORIENTED_EDGE ( 'NONE', *, *, #1192, .F. ) ;
#2228 = ORIENTED_EDGE ( 'NONE', *, *, #1446, .T. ) ;
#2229 = EDGE_CURVE ( 'NONE', #1045, #1183, #1055, .T. ) ;
#2230 = VECTOR ( 'NONE', #1804, 1000.000000000000000 ) ;
#2231 = DIRECTION ( 'NONE',  ( 0.000000000000000000, 1.000000000000000000, 0.000000000000000000 ) ) ;
#2232 = ADVANCED_FACE ( 'NONE', ( #946 ), #2159, .F. ) ;
#2233 = EDGE_LOOP ( 'NONE', ( #874, #182, #589, #249 ) ) ;
#2234 = LINE ( 'NONE', #1039, #1681 ) ;
#2235 = ORIENTED_EDGE ( 'NONE', *, *, #1395, .F. ) ;
#2236 = CARTESIAN_POINT ( 'NONE',  ( -2.500000000000000444, 0.000000000000000000, -7.400000000000000355 ) ) ;
#2237 = EDGE_CURVE ( 'NONE', #2045, #431, #1646, .T. ) ;
#2238 = DIRECTION ( 'NONE',  ( 1.000000000000000000, -0.000000000000000000, 0.000000000000000000 ) ) ;
#2239 = EDGE_LOOP ( 'NONE', ( #169, #177, #1399, #693, #498, #378, #333, #1336, #1992, #816, #1507, #565 ) ) ;
#2240 = ORIENTED_EDGE ( 'NONE', *, *, #501, .F. ) ;
#2241 = DIRECTION ( 'NONE',  ( -0.000000000000000000, -0.000000000000000000, -1.000000000000000000 ) ) ;
#2242 = EDGE_CURVE ( 'NONE', #531, #2092, #1076, .T. ) ;
#2243 = ORIENTED_EDGE ( 'NONE', *, *, #140, .T. ) ;
#2244 = CARTESIAN_POINT ( 'NONE',  ( -23.78843544106869246, 0.000000000000000000, -5.400000000000000355 ) ) ;
#2245 = EDGE_CURVE ( 'NONE', #415, #1842, #2146, .T. ) ;
#2246 = ORIENTED_EDGE ( 'NONE', *, *, #1805, .F. ) ;
#2247 = LINE ( 'NONE', #680, #932 ) ;
#2248 = CARTESIAN_POINT ( 'NONE',  ( -2.500000000000002220, 0.000000000000000000, -5.400000000000000355 ) ) ;
#2249 = CARTESIAN_POINT ( 'NONE',  ( -22.20000000000000284, 11.50000000000000000, 7.400000000000000355 ) ) ;
#2250 = ORIENTED_EDGE ( 'NONE', *, *, #1578, .F. ) ;
#2251 = VERTEX_POINT ( 'NONE', #1437 ) ;
#2252 = CARTESIAN_POINT ( 'NONE',  ( 2.499999999999998668, 0.000000000000000000, 7.400000000000000355 ) ) ;
#2253 = CARTESIAN_POINT ( 'NONE',  ( 6.499999999999999112, 3.799999999999999378, 4.399999999999998579 ) ) ;
#2254 = AXIS2_PLACEMENT_3D ( 'NONE', #1751, #1416, #536 ) ;
#2255 = ORIENTED_EDGE ( 'NONE', *, *, #1502, .F. ) ;
ENDSEC;
END-ISO-10303-21;
